
Institute Of Cosmetic & Laser Surgery,www.8004173877.yp.ca,,1-800-417-3877,100-1344 Cornwall Road,Oakville,ON ,L6J 7W5,eye
J C Mitchell Insurance Group Inc,www.jcmitchell.com,,1-866-721-7781,431 Bayview Drive,Barrie,ON ,L4N 8Y2,eye
Herzig Eye Institute,www.8883115556.yp.ca,,1-888-311-5556,2-131 Bloor Street West,Toronto,ON ,M5S 1R1,eye
Skin Graffix Tattooing And Piercing,www.8889611663.yp.ca,,1-888-961-1663,444 Dundas Street East,Belleville,ON ,K8N 1E9,eye
Hanley's Eyewear Boutique,www.2893469773.yp.ca,,289-346-9773,398 Wilson Street East,Ancaster,ON ,L9G 2C3,eye
Eyelike Optical Inc,www.4162218833.yp.ca,,416-221-8833,5449 Yonge Street,North York,ON ,M2N 5S1,eye
Min C Dr Chong L Dr & Associates,www.4162218877.yp.ca,,416-221-8877,20 Greenfield Avenue,North York,ON ,M2N 3C8,eye
Papadakis George Dr,www.theeyedoctor.ca,gpap2020@on.aibn.com,416-222-7788,77 Finch Avenue West,North York,ON ,M2N 2H5,eye
Vision Art Optical,www.4162233937.yp.ca,,416-223-3937,4895 Yonge Street,North York,ON ,M2N 5N4,eye
Optic Creations,www.opticcreations.com,,416-225-0362,5025 Yonge Street,North York,ON ,M2N 5P2,eye
Brown Alan D Dr,www.4162250846.yp.ca,,416-225-0846,4915 Bathurst Street,North York,ON ,M2R 1X9,eye
Tavana & Co Chartered Accountants,www.tavana.ca,,416-229-2221,408-1110 Sheppard Avenue East,North York,ON ,M2K 2W2,eye
Toronto Eye Prosthetics,www.4162321089.yp.ca,,416-232-1089,3101 Bloor Street West,Etobicoke,ON ,M8X 2W2,eye
Dunning Barbara Dr,www.4162332020.yp.ca,,416-233-2020,3269 Bloor Street West,Etobicoke,ON ,M8X 1E2,eye
Beaulieu Vision Care Eye Boutique Ltd,www.bvceyeboutique.com,,416-233-3937,2938 Bloor Street West,Etobicoke,ON ,M8X 1B6,eye
Eye Candy's Adult Video,www.4162370087.yp.ca,,416-237-0087,3806A Bloor Street West,Etobicoke,ON ,M9B 6C2,eye
Mayers Harvey Dr,www.drmayers.com,,416-239-1211,3300 Bloor Street West,Toronto,ON ,M8X 2X3,eye
You And Eye Optical,www.4162411880.yp.ca,,416-241-1880,1595B Wilson Avenue,North York,ON ,M3L 1A5,eye
Boermans Mathias Dr & Nickolet Peggy Dr,www.4162437183.yp.ca,,416-243-7183,1723 Kipling av,Toronto,ON ,M9R 2Y7,eye
Eyestyle Optical,www.4162440741.yp.ca,,416-244-0741,235 Dixon Road,Etobicoke,ON ,M9P 2M5,eye
Lastop Optical,www.4162474131.yp.ca,,416-247-4131,1635 Lawrence Avenue West,North York,ON ,M6L 3C9,eye
Union Eye Clinic,www.4162479289.yp.ca,,416-247-9289,1263 Wilson Avenue,North York,ON ,M3M 3G2,eye
Eyemagine Graphics,www.4162491122.yp.ca,,416-249-1122,38 Greensboro Drive,Etobicoke,ON ,M9W 1E1,eye
Future Optical,www.4162497761.yp.ca,,416-249-7761,1908 Weston Road,York,ON ,M9N 1W2,eye
Eye Candy Optical Inc,www.4162516618.yp.ca,,416-251-6618,102-3170 Lake Shore Boulevard West,Etobicoke,ON ,M8V 3X8,eye
Diamond Eye Fine Jewellery,www.4162562611.yp.ca,,416-256-2611,1714 Avenue Road,North York,ON ,M5M 3Y6,eye
Eye Care Opticians,www.4162613522.yp.ca,,416-261-3522,2621 Eglinton Avenue East,Scarborough,ON ,M1K 2S2,eye
Chu D Dr,www.4162639888.yp.ca,,416-263-9888,1008 King W,Toronto,ON ,M6K 3N1,eye
Forever Faces,www.foreverfaces.ca,,416-269-5449,21 Indian Mound Crescent,Scarborough,ON ,M1H 1W2,eye
Omega Optical,www.4162815184.yp.ca,,416-281-5184,4410 Kingston Road,Scarborough,ON ,M1E 2N5,eye
Terence Vitor Dr,www.4162835005.yp.ca,,416-283-5005,4520 Kingston Road,Scarborough,ON ,M1E 2N8,eye
Znajda J P DR,www.4162840289.yp.ca,,416-284-0289,1371 Neilson Road,Scarborough,ON ,M1B 4Z8,eye
Private Eye Spy Shop,www.privateeyespyshop.com,,416-284-8488,821 O'Connor Drive,East York,ON ,M4B 2S7,eye
Fantasy Nails & Spa,www.fantasynailsspa.com,,416-288-9059,2355 Eglinton Avenue East,Scarborough,ON ,M1K 2M5,eye
Scarborough Town Optometric Clinic,www.4162900030.yp.ca,,416-290-0030,Scarborough Town Centre,Scarborough,ON ,M1P 4P5,eye
Global Eye Wear Supply,www.4162919786.yp.ca,,416-291-9786,151 Nashdene,Toronto,ON ,M1V 4B9,eye
Optical Mart,www.4162925506.yp.ca,,416-292-5506,1939 Kennedy Road,Scarborough,ON ,M1P 2L9,eye
Mittelholzer Perry Dr,www.4162928755.yp.ca,,416-292-8755,Woodside Square Mall,Toronto,ON ,M1V 1N2,eye
Eyecone Optical,www.4162991472.yp.ca,,416-299-1472,5637 Finch Avenue East,Scarborough,ON ,M1B 5K9,eye
Eyewear For You,www.4162996224.yp.ca,,416-299-6224,2235 Kennedy Road,Scarborough,ON ,M1T 3G8,eye
Choy Christina Dr,www.4163040270.yp.ca,,416-304-0270,142 Yonge Street,Toronto,ON ,M5C 1X6,eye
V I P'S Eyeware Inc,www.4163210893.yp.ca,,416-321-0893,4437 Sheppard Avenue East,Scarborough,ON ,M1S 1V3,eye
Pollock J S Dr,www.4163220379.yp.ca,,416-322-0379,2657 Yonge Street,Toronto,ON ,M4P 2J6,eye
Adamson Peter A Dr,www.dradamson.com,,416-323-3900,150 Bloor Street West,Toronto,ON ,M5S 2X9,eye
Black-eyed Susan's,www.4163613500.yp.ca,,416-361-3500,1 First Canadian Place,Toronto,ON ,M4X 1K7,eye
Eyewear By Emery,www.4163615744.yp.ca,,416-361-5744,Toronto Dominion Centre,Toronto,ON ,M5K 1K2,eye
Royal Health Care Centre,www.royalhealthcarecentre.com,,416-361-6142,130 Adelaide Street West,Toronto,ON ,M5H 3P5,eye
Optic Zone Inc The,www.opticzone.ca,,416-362-3937,33 Jarvis Street,Toronto,ON ,M5E 1N3,eye
Stewart & Kett Financial Advisors Inc,www.stewartkett.com,,416-362-6322,123 Front Street West,Toronto,ON ,M5J 2M2,eye
Karir Fashion Eyewear,www.4163630840.yp.ca,,416-363-0840,100 King W,Toronto,ON ,M5X 1K7,eye
Jarrett Dr C & Associates,www.4163631175.yp.ca,drjarrett@rogers.com,416-363-1175,155 University Avenue,Toronto,ON ,M5H 3B7,eye
Downtown Eye,www.4163632033.yp.ca,,416-363-2033,234 Danforth Avenue,Toronto,ON ,M4K 1N4,eye
First Canadian Optical - See Karir Eyewear,www.4163634669.yp.ca,,416-363-4669,100 King West (First Canadian Place),Toronto,ON ,M5X 1K7,eye
Cheema & Rodrigues Dr,www.4163673937.yp.ca,,416-367-3937,85 Richmond Street West,Toronto,ON ,M5H 2C9,eye
Nail Shoppe The,www.4163678414.yp.ca,,416-367-8414,211 Yonge Street,Toronto,ON ,M5B 1M4,eye
Goldstein Eyewear Boutique,www.4163689910.yp.ca,goldsteineyewearboutique@on.aibn.com,416-368-9910,171-1/2 King E,Toronto,ON ,M5A 1J4,eye
Digital Eyes Inc,www.4163831300.yp.ca,,416-383-1300,250 Ferrand Drive,North York,ON ,M3C 3G8,eye
Mortgage Providers,www.themortgageproviders.ca,mv@themortgageproviders.ca,416-398-1323,205-3500 Dufferin Street,North York,ON ,M3K 1N2,eye
Eye Contact,www.4163982590.yp.ca,,416-398-2590,46 Raeburn Avenue,North York,ON ,M3H 1G8,eye
Winks Eyelash Extensions Boutique,www.winksboutique.com,,416-405-9465,272A Danforth Avenue,Toronto,ON ,M4K 1N6,eye
Beautiful One,www.4164108338.yp.ca,,416-410-8338,1675 The Chase,Toronto,ON ,L5M 5Y7,eye
Eye Care By Atieque,www.4164123937.yp.ca,,416-412-3937,1825 Markham Road,Scarborough,ON ,M1B 4Z9,eye
Stein Raymond Dr,www.4164386000.yp.ca,,416-438-6000,2941 Lawrence Avenue East,Scarborough,ON ,M1P 2V6,eye
Operation Eyesight Universal,www.4164387280.yp.ca,,416-438-7280,2100 Ellesmere Road,Scarborough,ON ,M1H 3B7,eye
Mandadakis Kyriakos Dr & Associates,www.4164413937.yp.ca,,416-441-3937,300 York Mills Road,Toronto,ON ,M2L 2Y5,eye
Interfinance Mortgage Merchants Inc,www.interfinance.ca,,416-445-4890,85 Scarsdale Road,North York,ON ,M3B 2R2,eye
Heics S Dr,www.4164457490.yp.ca,,416-445-7490,51 Underhill Drive,North York,ON ,M3A 2J8,eye
Chang Yih Ling Dr,www.4164472521.yp.ca,,416-447-2521,62 Ellesmere Road,Scarborough,ON ,M1R 4C2,eye
Cobean Karen Dr,www.4164474611.yp.ca,,416-447-4611,6 Maginn Mews,Scarborough,ON ,M1E 4A7,eye
Eye Spy,www.4164614061.yp.ca,,416-461-4061,1100 Queen Street East,Toronto,ON ,M4M 1K8,eye
Swadron Opticians Ltd,www.4164632555.yp.ca,,416-463-2555,642A Danforth Avenue,Toronto,ON ,M4K 1R3,eye
Chung & Tse Optometrists,www.4164666670.yp.ca,,416-466-6670,318 Broadview Avenue,Toronto,ON ,M4M 2G9,eye
Gabarin M Dr,www.4164825352.yp.ca,,416-482-5352,3340A Yonge Street,Toronto,ON ,M4N 2M4,eye
Eyedentity Eyestyles,www.4164863833.yp.ca,,416-486-3833,598 Mount Pleasant Road,Toronto,ON ,M4S 2M8,eye
Toronto Eye Clinic,www.4164866084.yp.ca,,416-486-6084,2200 Yonge Street,Toronto,ON ,M4S 2C6,eye
Vizio Eyewear & Sunglasses,www.4164868474.yp.ca,,416-486-8474,1532 Bayview Avenue,Toronto,ON ,M4G 3B6,eye
Leo Pasquale P Dr,www.4164884904.yp.ca,,416-488-4904,1 Eglinton Avenue East,Toronto,ON ,M4P 3A1,eye
Parsons Tong & Gupta,www.torontovisioncare.com,,416-493-3937,38-1800 Sheppard Avenue East,North York,ON ,M2J 5A7,eye
Medical Arts Optical,www.4164948283.yp.ca,,416-494-8283,1333 Sheppard Avenue East,North York,ON ,M2J 1V1,eye
Fairview Laser Clinic,www.fairviewcosmeticsurgery.com,,416-495-8547,801 York Mills Road,North York,ON ,M3B 1X7,eye
Kaplan Michael Dr,www.eyecareclinic.ca,,416-498-4805,5 Fairview Mall Drive,North York,ON ,M2J 2Z1,eye
Genco Marine,www.gencomarine.com,info@gencomarine.com,416-504-2891,350 Queens Quay West,Toronto,ON ,M5V 3A7,eye
The Laser Eye Centre,www.4165122020.yp.ca,,416-512-2020,206 Sheppard Avenue West,North York,ON ,M2N 1N1,eye
Sheila Shahla Hair & Eyebrow Care,www.4165129046.yp.ca,,416-512-9046,28 Finch Avenue West,North York,ON ,M2N 2G7,eye
Oladeji Dr M & Associates,www.4165163937.yp.ca,,416-516-3937,1466 Bathurst Street,Toronto,ON ,M5R 3S3,eye
Eye Care Place,www.4165314077.yp.ca,,416-531-4077,900 Dufferin,Toronto,ON ,M6H 4A9,eye
Discount Optical,www.4165327997.yp.ca,,416-532-7997,1312 Bloor Street West,Toronto,ON ,M6H 1P2,eye
Futon Store,www.thefutonstore.net,sales@thefutonstore.net,416-533-4940,442 Bloor Street West,Toronto,ON ,M5S 1X8,eye
Centro Optical Inc,www.4165350353.yp.ca,,416-535-0353,900 Bloor Street West,Toronto,ON ,M6H 1L1,eye
Yonge Eglinton Laser Eye Centre,www.toronto-laser.com,,416-545-1900,2345 Yonge Street,Toronto,ON ,M4P 2E5,eye
For Your Eyes Only,www.foryoureyesonly-club.com,,416-585-9200,563 King Street West,Toronto,ON ,M5V 1M1,eye
East West Futons Inc,www.eastwestfutons.com,,416-588-1391,464 Bloor Street West,Toronto,ON ,M5S 1X8,eye
Just Eyes Optical,www.4165917269.yp.ca,,416-591-7269,222 Spadina,Toronto,ON ,M5T 2E6,eye
Apollo Eye Care Centre Inc,www.4165930159.yp.ca,apollo-optical@on.aibn.com,416-593-0159,495 Dundas Street West,Toronto,ON ,M5T 1H1,eye
Vision Unlimited,www.4165951665.yp.ca,,416-595-1665,700 Bay Street,Toronto,ON ,M5G 1Z6,eye
Bright Eyes Optical,,,416-596-0824,570 Dundas Street West,Toronto,ON ,M5T 1H5,eye
Nolfi J & Paterson J & Associates,www.4166044688.yp.ca,,416-604-4688,2425 Bloor Street West,Toronto,ON ,M6S 4W4,eye
Grace Family Eye Care Ltd,www.4166093509.yp.ca,,416-609-3509,4386 Sheppard Avenue East,Scarborough,ON ,M1S 1T8,eye
Illuminata Eyewear,www.4166208028.yp.ca,,416-620-8028,25 The West Mall,Etobicoke,ON ,M9C 1B8,eye
Chiu M Dr & Assoc,www.4166214763.yp.ca,,416-621-4763,Sherway Gardens,Etobicoke,ON ,M9C 1B8,eye
Stepec Frank M Dr,www.4166222020.yp.ca,,416-622-2020,190 Sherway Drive,Etobicoke,ON ,M9C 5N2,eye
Feldman Irving W Dr / Yoshimura Mark Dr & Assoc,www.4166305033.yp.ca,,416-630-5033,101-3695 Keele Street,North York,ON ,M3J 1N2,eye
JC Eye Centre,www.4166309786.yp.ca,,416-630-9786,343 Wilson Avenue,North York,ON ,M3H 1T1,eye
Chris A Paul Dr,www.4166351325.yp.ca,,416-635-1325,1315 Finch Avenue West,North York,ON ,M3J 2G6,eye
Eye 2 Eye Optical Lab,www.4166365972.yp.ca,,416-636-5972,4544 Dufferin Street,North York,ON ,M3H 5X2,eye
Benedetta's Studio Inc,www.4166380582.yp.ca,,416-638-0582,625 Sheppard Avenue West,North York,ON ,M3H 2S3,eye
Warbucks Harvey W Dr,www.4166511044.yp.ca,,416-651-1044,2567 Eglinton W,York,ON ,M6M 1T3,eye
Hungry Eyes Film & Television,www.4166546222.yp.ca,,416-654-6222,451 Christie Street,Toronto,ON ,M6G 3C7,eye
Eyeglass World,www.4166563488.yp.ca,,416-656-3488,538 St Clair Avenue West,Toronto,ON ,M6C 1A4,eye
Gagliardi Mimmo Dr,www.4166611300.yp.ca,,416-661-1300,2100 Finch Avenue West,North York,ON ,M3N 2Z9,eye
Forsyth Financial,www.forsythfinancial.com,,416-661-9805,213-5050 Dufferin Street,North York,ON ,M3H 5T5,eye
Eye Fashion Optical,www.4166619990.yp.ca,,416-661-9990,4400 Dufferin Street,North York,ON ,M3H 6A8,eye
Max Eyewear,www.4166627739.yp.ca,,416-662-7739,5484 Tomken Road,Mississauga,ON ,L4W 2Z6,eye
Eyes First Optical,www.4166632020.yp.ca,,416-663-2020,3-1030 Sheppard Avenue West,North York,ON ,M3H 6C1,eye
Woodbine Centre Eye Exam Clinic,www.4166741165.yp.ca,,416-674-1165,500 Rexdale Boulevard,Etobicoke,ON ,M9W 6K5,eye
Eyeview Windows & Door,www.4166746550.yp.ca,,416-674-6550,1771 Albion Road,Etobicoke,ON ,M9W 5S7,eye
Mortgage Alliance Mortgagelinx,www.christsiantis.com,,416-686-6202,2179 Danforth Avenue,Toronto,ON ,M4C 1K4,eye
Eyeon Software Inc,www.4166868411.yp.ca,,416-686-8411,2175 Queen Street East,Toronto,ON ,M4E 1E5,eye
Oriana Financial,www.mortgpro.com,,416-690-4222,2359 Queen Street East,Toronto,ON ,M4E 1H2,eye
Optimart,www.4166904649.yp.ca,,416-690-4649,294 Main Street,Toronto,ON ,M4C 4X5,eye
Chan Linda Dr,www.4166911991.yp.ca,,416-691-1991,951 Kingston Road,Toronto,ON ,M4E 1S8,eye
Rummell Karin Dr & Associates,www.4166915757.yp.ca,,416-691-5757,1914 Queen Street East,Toronto,ON ,M4L 1H5,eye
East End Taxi (1980),www.4166943311.yp.ca,,416-694-3311,1436 Kingston Road,Scarborough,ON ,M1N 1R3,eye
Jelco Financial Planning,www.jelcofinancialplanning.com,,416-698-5555,116-2100 Ellesmere Road,Scarborough,ON ,M1H 3B7,eye
Feast Your Eyes Inc,www.feastyoureyes.ca,,416-699-1212,175 Kenilworth Avenue,Toronto,ON ,M4L 3S7,eye
Envy Eyewear,www.4166993407.yp.ca,,416-699-3407,1944 Queen Street East,Toronto,ON ,M4L 1H6,eye
Eyeris Interactive Inc,www.4167032724.yp.ca,,416-703-2724,993 Queen Street West,Toronto,ON ,M6J 1H2,eye
Eyes Everywhere Inc,www.4167311012.yp.ca,,416-731-1012,153 Beecroft Road,Toronto,ON ,M2N 7C5,eye
Eyes On Sheppard,www.4167330579.yp.ca,,416-733-0579,180 Sheppard Avenue East,North York,ON ,M2N 3A4,eye
TLC Laser Eye Centers,www.4167332020.yp.ca,,416-733-2020,4101 Yonge Street,Toronto,ON ,M2P 1N6,eye
Injeyan Nadia Dr,www.4167334411.yp.ca,,416-733-4411,107-1100 Sheppard Avenue East,North York,ON ,M2K 2W1,eye
Samuel Warren Dr,www.4167408676.yp.ca,,416-740-8676,2291 Kipling Avenue,Etobicoke,ON ,M9W 4L6,eye
Rexdale Eye Care,www.4167434426.yp.ca,,416-743-4426,123 Rexdale Boulevard,Etobicoke,ON ,M9W 1P1,eye
Eye Associates York Finch Medical Centre,www.4167456969.yp.ca,,416-745-6969,2115 Finch Avenue West,North York,ON ,M3N 2V6,eye
Eyewear Emporium Inc,www.4167504719.yp.ca,,416-750-4719,1200 Kennedy Road,Scarborough,ON ,M1P 2L1,eye
Your Eyes Optical Corp,www.4167540683.yp.ca,,416-754-0683,2301 Brimley Road,Scarborough,ON ,M1S 5B8,eye
Eye Tech Optical,www.4167542221.yp.ca,,416-754-2221,3447 Kennedy Road,Scarborough,ON ,M1V 3S1,eye
LaserStop Hair Removal Clinic,www.laserstop.com,,416-756-3335,4800 Leslie Street,North York,ON ,M2J 2K9,eye
Mierzynski/Tam-Wai/Witer/Burroughs,www.isee2020.ca,,416-762-7391,2 Jane Street,York,ON ,M6S 4W3,eye
Optical Valu Inc,www.4167693629.yp.ca,,416-769-3629,867 Jane Street,York,ON ,M6N 4C4,eye
Bloor Optical,www.4167696999.yp.ca,,416-769-6999,2235 Bloor Street West,Toronto,ON ,M6S 1N7,eye
Third Eye Media,www.4167785934.yp.ca,,416-778-5934,69 Coady Avenue,Toronto,ON ,M4M 2Y9,eye
Millar Craig Dr,www.4167786946.yp.ca,,416-778-6946,1000 Gerrard Street East,Toronto,ON ,M4M 3G6,eye
Fermentations Inc,www.fermentations.ca,,416-778-9000,201 Danforth Avenue,Toronto,ON ,M4K 1N2,eye
Arthur Weitz Family Opticians Inc,www.arthurweitzopticians.com,,416-781-3431,3187 Bathurst Street,North York,ON ,M6A 2B2,eye
Stare Eyewear,www.4167827301.yp.ca,,416-782-7301,40 University Avenue,Toronto,ON ,M5J 1T1,eye
Eye Masters,www.4167872078.yp.ca,,416-787-2078,3401 Dufferin Street,North York,ON ,M6A 2T9,eye
Eyes On Avenue Optical,www.4167872091.yp.ca,,416-787-2091,1947 Avenue Road,North York,ON ,M5M 4A2,eye
Alpha House Mortgage Corp,www.alphahouse.ca,,416-798-7235,325 Renfrew Drive,Markham,ON ,L3R 9S8,eye
Eagle Eye Marketing,www.4168225908.yp.ca,,416-822-5908,20 Bermondsey Road,East York,ON ,M4B 1Z5,eye
Mobil Eyes,www.4168313937.yp.ca,,416-831-3937,16 Robbie Avenue,North York,ON ,M3H 1Y4,eye
Chaninni Eye Style,www.4168498818.yp.ca,,416-849-8818,2901 Bayview Avenue,North York,ON ,M2K 1E6,eye
"Alarcon, Diana Dr - Avenue Road Eye Care",www.4168500565.yp.ca,,416-850-0565,1696 Avenue Road,North York,ON ,M5M 3Y4,eye
Eyevisit Optical,www.4168508840.yp.ca,,416-850-8840,333 Sheppard Avenue East,North York,ON ,M2N 3B3,eye
Sentry Select Capital Corp,www.sentryselect.com,,416-861-8729,130 King St W,York,ON ,M9N 1L5,eye
Global Eye Wear Supply,www.4169159786.yp.ca,,416-915-9786,151 Nashdene Rd,Toronto,ON ,M1V 4B9,eye
College Street Optical,www.collegestreetoptical.com,,416-920-5566,340 College Street,Toronto,ON ,M5T 3A9,eye
Eye-On Communications,www.4169210227.yp.ca,,416-921-0227,366 Howland Avenue,Toronto,ON ,M5R 3B9,eye
Yorkville Eye Clinic,www.4169212375.yp.ca,,416-921-2375,33 Avenue Road,Toronto,ON ,M5R 2G3,eye
Webb Ocular Prosthetics Inc,www.4169214931.yp.ca,webbocular@on.aibn.com,416-921-4931,170 St George,Toronto,ON ,M5R 2M8,eye
Kathleen's Beauty Services,www.kathleensbeauty.com,,416-921-5156,98 Avenue Road,Toronto,ON ,M5R 2H3,eye
Cristall Opticians,www.4169225093.yp.ca,,416-922-5093,1168A Bay Street,Toronto,ON ,M5S 2B4,eye
Crown Opticians,www.crownopticians.com,mark@crownopticians.com,416-924-4384,758 Yonge Street,Toronto,ON ,M4Y 2B6,eye
Pal Shalu Dr.,www.4169249210.yp.ca,,416-924-9210,94 Cumberland Street,Toronto,ON ,M5R 1A3,eye
Leung Andrew Dr,www.toronto-optometrist.com,,416-925-6103,268 Bloor Street West,Toronto,ON ,M5S 1V8,eye
Sherbourne Optical,www.4169257186.yp.ca,,416-925-7186,600 Sherbourne Street,Toronto,ON ,M4X 1W4,eye
Herzig Eye Institute,www.herzig-eye.com,,416-929-2020,131 Bloor Street West,Toronto,ON ,M5S 1R1,eye
Eye Return,www.4169294834.yp.ca,,416-929-4834,110 Eglinton Avenue East,Toronto,ON ,M4P 2Y1,eye
Bloor Eye Works,www.4169340733.yp.ca,,416-934-0733,387 Bloor Street East,Toronto,ON ,M4W 1H7,eye
Eyesore Cinema,www.4169551599.yp.ca,,416-955-1599,801 Queen Street West,Toronto,ON ,M6J 1G1,eye
The Minds Eye,www.4169600880.yp.ca,,416-960-0880,121 Davenport Road,Toronto,ON ,M5R 1H8,eye
Galvin Patricia A Dr Optometrist,www.4169603088.yp.ca,p_a_galvin_od@on.aibn.com,416-960-3088,55 Bloor Street West,Toronto,ON ,M4W 1A5,eye
Eyes On Church Optical Inc,www.4169623937.yp.ca,,416-962-3937,483 Church Street,Toronto,ON ,M4Y 2C6,eye
College Of Optometrists Of Ontario,www.collegeoptom.on.ca,,416-962-4071,6 Crescent Road,Toronto,ON ,M4W 1T1,eye
Cosmetic Surgery Centre Jeunesse,www.4169624444.yp.ca,,416-962-4444,890A Yonge Street,Toronto,ON ,M4W 3P4,eye
Bochner Eye Institute,www.bochner.com,,416-966-3333,40 Prince Arthur Avenue,Toronto,ON ,M5R 1A9,eye
Gropp John W Dr,www.4169671494.yp.ca,,416-967-1494,92 Shaftesbury Avenue,Toronto,ON ,M4T 1A5,eye
Dr Brian Yip,www.4169676711.yp.ca,,416-967-6711,198-5 Fairview Mall Drive,North York,ON ,M2J 2Z1,eye
Visual Appeal Eyewear,www.4169698875.yp.ca,,416-969-8875,55 St Clair Avenue West,Toronto,ON ,M4V 2Y7,eye
Bellair Laser Clinic Inc,www.bellairlaserclinic.ca,,416-972-0337,25 Bellair Street,Toronto,ON ,M5R 3L3,eye
Karir Fashion Eyewear,www.4169750536.yp.ca,,416-975-0536,138 Cumberland Street,Toronto,ON ,M5R 1A6,eye
World Eyewear,www.4169750977.yp.ca,worldeyewear@on.aibn.com,416-975-0977,126 Cumberland Street,Toronto,ON ,M5R 1A6,eye
E Z Eye Care Ltd,www.4169773822.yp.ca,,416-977-3822,200 Wellington W,Toronto,ON ,M5V 3C7,eye
Koo Winston Dr & Associates/A Division Of Fyi Eye Doctors,www.4169774949.yp.ca,,416-977-4949,777 Bay Street,Toronto,ON ,M7A 2J3,eye
University Eye Clinic,www.universityeyeclinic.com,,416-977-8194,700 University Ave,Toronto,ON ,M5G 1Z5,eye
Specs & Specs Optical,www.4169793937.yp.ca,,416-979-3937,311A Queen Street West,Toronto,ON ,M5V 2A4,eye
Polyclinic Eye Care Centre,www.4169871325.yp.ca,,416-987-1325,4646 Dufferin Street,Toronto,ON ,M3H 5S4,eye
Greene's Optical,www.5192383937.yp.ca,,519-238-3937,99 Ontario S,Grand Bend,ON,,eye
Grand Bend Optometry Clinic,www.5192386086.yp.ca,,519-238-6086,43 Main E,Grand Bend,ON ,N0M 1T0,eye
Imperial Eyewear,www.5192461617.yp.ca,,519-246-1617,78 Frank Street,Strathroy,ON ,N7G 2R6,eye
Ambassador Eyewear,www.5192501414.yp.ca,,519-250-1414,2851 Howard Avenue,Windsor,ON ,N8X 3Y4,eye
Mortgage Intelligence,www.shopmortgages.ca,,519-250-4848,3041 Dougall Avenue,Windsor,ON ,N9E 1S3,eye
Blake Brian Dr,www.drblake.ca,,519-250-5448,2629 Howard Avenue,Windsor,ON ,N8X 4Z3,eye
O'Connor Jean Dr,www.5192518596.yp.ca,,519-251-8596,7654 Tecumseh Road East,Windsor,ON ,N8T 1E9,eye
Lucier Glove & Safety Products,www.5192519799.yp.ca,,519-251-9799,2751 Temple Drive,Windsor,ON ,N8W 5E5,eye
Windsor Laser Eye Institute,www.5192522020.yp.ca,,519-252-2020,2224 Walker Road,Windsor,ON ,N8W 5L7,eye
Ing Tom Dr Walk-In Eye Clinic,www.5192524494.yp.ca,,519-252-4494,1617 Ouellette Avenue,Windsor,ON ,N8X 1K9,eye
Bellemore Janice Dr,www.5192525556.yp.ca,,519-252-5556,168-1720 Howard Avenue,Windsor,ON ,N8X 5A6,eye
Jubenville Roxanne Dr,www.5192526555.yp.ca,,519-252-6555,595 Tecumseh Road East,Windsor,ON ,N8X 2S1,eye
Windsor Eye Care Centre,www.5192528191.yp.ca,,519-252-8191,3155 Howard Avenue,Windsor,ON ,N8X 4Y8,eye
Chan Justin J Dr,www.5192531207.yp.ca,,519-253-1207,1883 Turner Road,Windsor,ON ,N8W 3K2,eye
Imperial Eyewear Lab,www.5192533566.yp.ca,,519-253-3566,1037 Ouellette Avenue,Windsor,ON ,N9A 4J8,eye
Eyewares Of Windsor,www.5192542020.yp.ca,,519-254-2020,3893 Dougall Avenue,Windsor,ON ,N9G 1X3,eye
Windsor Optometric Centre,www.5192551131.yp.ca,,519-255-1131,101-880 Ouellette Avenue,Windsor,ON ,N9A 1C7,eye
Deans Robin Dr,www.robindeans.com,,519-256-9333,1270 Walker Road,Windsor,ON ,N8Y 4T4,eye
O'Neill Sean Dr,www.5192569958.yp.ca,,519-256-9958,112-2462 Howard Avenue,Windsor,ON ,N8X 3V6,eye
Adams Howard F Dr,www.5192581415.yp.ca,,519-258-1415,700 Tecumseh Road East,Windsor,ON ,N8X 4T2,eye
Ouellette Avenue Eye Care Centre,www.5192583121.yp.ca,,519-258-3121,1488 Ouellette,Windsor,ON ,N8X 1K1,eye
Acanne Steven Dr,www.5192583788.yp.ca,,519-258-3788,1488 Ouellette Avenue,Windsor,ON ,N8X 1K3,eye
Watson James D Dr,www.5192711720.yp.ca,,519-271-1720,15 Grange Street,Stratford,ON ,N5A 3P7,eye
Divine Esthetics Day Spa,www.5192719677.yp.ca,,519-271-9677,148 Waterloo Street South,Stratford,ON ,N5A 4B4,eye
Eyes To Buy Family Optical Store Inc,www.5192753413.yp.ca,3for1@on.aibn.com,519-275-3413,1020 Ontario Street,Stratford,ON ,N5A 6Z3,eye
Fretz Betty Dr & Associates,www.fretz.ca,,519-291-1220,360 Main Street East,Listowel,ON ,N4W 2C2,eye
Eye Line Cinematography,www.5192941158.yp.ca,,519-294-1158,174 Broad,Parkhill,ON ,N0M 2K0,eye
Eye On Video,www.5193224226.yp.ca,,519-322-4226,129 Erie Street South,Leamington,ON ,N8H 3B5,eye
McCormick Eye Care Robert Dr,www.5193250123.yp.ca,,519-325-0123,141 Talbot Street West,Leamington,ON ,N8H 1N2,eye
Hager Andrew Dr,www.5193266194.yp.ca,,519-326-6194,225 Erie Street South,Leamington,ON ,N8H 3C1,eye
Eye Glass Shoppe The,www.5193266252.yp.ca,,519-326-6252,11 Erie Street South,Leamington,ON ,N8H 3A6,eye
Distinctive Eyewear,www.5193326463.yp.ca,,519-332-6463,Kenwick Pl,Sarnia,ON ,N7T 7V3,eye
Eyewear Annex,www.5193360073.yp.ca,,519-336-0073,150 Christina Street North,Sarnia,ON ,N7T 7W5,eye
Bluewater Optometric Clinic,www.5193364113.yp.ca,,519-336-4113,120 Vidal Street North,Sarnia,ON ,N7T 5X5,eye
Sarnia Eye & Esthetics Clinic,www.sarniaeye.com,,519-336-4448,1298 Exmouth Street,Sarnia,ON ,N7S 1W6,eye
Moulton's Optical Centre Inc,www.5193372021.yp.ca,,519-337-2021,172 Christina Street North,Sarnia,ON ,N7T 5T9,eye
Eye Guy The,www.5193374060.yp.ca,,519-337-4060,147 Mitton Street North,Sarnia,ON ,N7T 6G9,eye
Waters D V Dr,www.5193444351.yp.ca,,519-344-4351,714 London Road,Sarnia,ON ,N7T 4X6,eye
Hohner John Dr,www.5193488427.yp.ca,,519-348-8427,Frances,Mitchell,ON ,N0K 1N0,eye
Holland Accu-Optical,www.5193528632.yp.ca,,519-352-8632,200 King Street West,Chatham,ON ,N7M 1E5,eye
Imperial Eyewear,www.5193542340.yp.ca,,519-354-2340,470 St Clair Street,Chatham,ON ,N7L 3K8,eye
Genesis Cosmetic Laser Surgery,www.5193545300.yp.ca,,519-354-5300,857 Grand Avenue West,Chatham,ON ,N7L 4T1,eye
David Oliphant Dr,www.5193545870.yp.ca,,519-354-5870,412 Grand Avenue East,Chatham,ON ,N7L 1X1,eye
Optical Gallery,www.5193645101.yp.ca,opticalgalleryeyes@on.aibn.com,519-364-5101,220 10th Street,Hanover,ON ,N4N 1N9,eye
Smith R A Dr,www.5193710114.yp.ca,,519-371-0114,1381 2nd Avenue East,Owen Sound,ON ,N4K 2J5,eye
SaveSight Vision Centre,www.savesight.ca,,519-371-1930,345 8th Street East,Owen Sound,ON ,N4K 1L3,eye
Orr Richard Dr,www.5193718096.yp.ca,,519-371-8096,1360 20th Street East,Owen Sound,Owe,n Sound,eye
Dors Robert Dr,www.5193763355.yp.ca,,519-376-3355,1510 20th St E,Owen Sound,ON ,N4K 5N3,eye
Briggs-Pitre Optometrists,www.5193763937.yp.ca,,519-376-3937,1701 3rd Avenue East,Owen Sound,ON ,N4K 2M3,eye
Campbell R J Opticians Ltd,www.5193764242.yp.ca,,519-376-4242,968 2nd Av W,Owen Sound,ON ,N4K 4M7,eye
Sarnia Optometric Clinic,www.5193837110.yp.ca,,519-383-7110,258 Wellington Street,Sarnia,ON ,N7T 1G8,eye
Kincardine Family Eye Care,www.5193964230.yp.ca,,519-396-4230,316 Lambton Street,Kincardine,ON ,N2Z 2Y1,eye
Lui Derek Dr,www.5194211851.yp.ca,,519-421-1851,369 Hunter Street,Woodstock,ON ,N4S 4G3,eye
Norfolk Family Eye Care,www.5194260415.yp.ca,,519-426-0415,220 Victoria Street,Simcoe,ON ,N3Y 4K2,eye
Simcoe Optometric Clinic,www.5194263123.yp.ca,,519-426-3123,100 Colborne Street North,Simcoe,ON ,N3Y 3V1,eye
Daniels J Optical Ltd,www.5194266030.yp.ca,,519-426-6030,24 Norfolk Street South,Simcoe,ON ,N3Y 2V9,eye
Eyes On Richmond,www.5194320909.yp.ca,,519-432-0909,613C Richmond Street,London,ON ,N6A 3G3,eye
Adelaide Optometric Centre,www.5194326142.yp.ca,,519-432-6142,906 Adelaide Street North,London,ON ,N5Y 2M7,eye
Cherry Hill Optical,www.5194333355.yp.ca,,519-433-3355,301 Oxford Street West,London,ON ,N6H 1S6,eye
Brett Ocular Prosthetics Inc,www.brettocularprosthetics.ca,,519-434-0772,125-339 Wellington Road,London,ON ,N6C 5Z9,eye
Cross Eyed Optical,www.crosseyedoptical.com,,519-435-1885,573 Richmond Street,London,ON ,N6A 3G2,eye
TLC Laser Eye Centers,www.5194382020.yp.ca,,519-438-2020,380 Wellington St North,London,ON,,eye
Dura Curb Grand River,www.5194421600.yp.ca,,519-442-1600,458 Pinehurst,Paris,ON ,N0B 1E0,eye
Park Lane Terrace,www.5194422753.yp.ca,,519-442-2753,295 Grand River Street North,Paris,ON ,N3L 2N9,eye
East London Optometry,www.5194515111.yp.ca,,519-451-5111,999 Hamilton Road,London,ON ,N5W 1A4,eye
Peaker Optical,www.5194515417.yp.ca,,519-451-5417,1984 Dundas Street,London,ON ,N5V 1P5,eye
Keyline Industrial Ltd,www.5194536110.yp.ca,,519-453-6110,114 Stronach Crescent,London,ON ,N5V 3A1,eye
Highbury Huron Optometry,www.highburyhuronoptometry.yp.ca,,519-453-9020,1288 Highbury Avenue North,London,ON ,N5Y 1B4,eye
Bluewater Health,www.bluewaterhealth.ca,,519-464-4400,89 Norman Street,Sarnia,ON ,N7T 6S3,eye
Byron Optometry,www.5194713500.yp.ca,,519-471-3500,1255 Commissioners Road West,London,ON ,N6K 3N5,eye
Cummins Optical,www.5194722250.yp.ca,,519-472-2250,Westmount Shopping Centre,London,ON ,N6K 1M6,eye
Hughes Optical-Byron,www.5194722535.yp.ca,,519-472-2535,1275 Commissioners Road West,London,ON ,N6K 1C9,eye
Eye Brow Tattooing By Azita,www.5194747204.yp.ca,,519-474-7204,828 Talisman Crescent Bsmt,London,ON ,N6K 0B6,eye
Sanderson Devon Dr,www.5195271240.yp.ca,,519-527-1240,34 Godrich St,Seaforth,ON ,N0K 1W0,eye
Johnson David Dr,www.5195375052.yp.ca,,519-537-5052,695 Canterbury Street,Woodstock,ON ,N4S 8W7,eye
Rath Dr K,www.5195420840.yp.ca,,519-542-0840,1380 London,Sarnia,ON ,N7S 1P8,eye
Eyeview Optical Ltd,www.5195700009.yp.ca,,519-570-0009,370 Highland W,Kitchener,ON ,N2M 5J9,eye
Lens Master,www.5195700118.yp.ca,,519-570-0118,598 Belmont Avenue West,Kitchener,ON ,N2M 1N5,eye
Chhatwal K S Dr,www.5195766460.yp.ca,,519-576-6460,1342 King E,Kitchener,ON ,N2G 2N7,eye
Norfolk Family Eye Care,www.5195832020.yp.ca,,519-583-2020,87 Thompson Dr,Port Dover,ON ,N0A 1N4,eye
Norfolk Family Eye Care,www.5195867084.yp.ca,,519-586-7084,1035 Bay,Port Rowan,ON ,N0E 1M0,eye
Mountain View Eye Care,www.5195996070.yp.ca,,519-599-6070,10 Louisa W,Thornbury,ON ,N0H 2P0,eye
Cambridge Centre Optometric Clinic,www.5196189447.yp.ca,,519-618-9447,Cambridge Shopping Centre,Galt,ON,,eye
Boardwalk Optical Boutique,www.5196221473.yp.ca,,519-622-1473,15 Main Street,Cambridge,ON ,N1R 7G9,eye
Eyelevel Computer,www.eyelevelgraphics.com,,519-622-8754,55 Main Street,Cambridge,ON ,N1R 1V6,eye
Lennox & Associates Drs,www.5196242020.yp.ca,,519-624-2020,350 Conestoga Boulevard,Galt,ON ,N1R 7L7,eye
Zehrs Eyewear,www.5196243404.yp.ca,,519-624-3404,200 Franklin Boulevard,Galt,ON ,N1R 8N8,eye
Specs Appeal,www.5196249220.yp.ca,,519-624-9220,534 Hespeler Road,Cambridge,ON ,N1R 6J7,eye
Wallaceburg Eye Care Centre,www.5196276617.yp.ca,,519-627-6617,555 Wellington Street,Wallaceburg,ON ,N8A 2Y4,eye
St Thomas Family Eye Care,www.5196313230.yp.ca,,519-631-3230,230 First Avenue,St Thomas,ON ,N5R 4P5,eye
Eye Designs (1993),www.5196333937.yp.ca,,519-633-3937,204 First Avenue,St Thomas,ON ,N5R 4P5,eye
Elgin Optical Ltd,www.5196334788.yp.ca,,519-633-4788,308 Wellington Street,St Thomas,ON ,N5R 2S9,eye
Pniak K Dr,www.5196335612.yp.ca,,519-633-5612,1063 Talbot Street,St Thomas,ON ,N5P 1G4,eye
Millar Oozeer and Maruscak Drs,www.5196337803.yp.ca,,519-633-7803,310 Wellington Street,St Thomas,ON ,N5R 2T1,eye
Kovacs Shirley Dr,www.5196337871.yp.ca,,519-633-7871,15 St Catharine Street,St Thomas,ON ,N5P 2V7,eye
Cook Greg K Dr,www.5196497415.yp.ca,,519-649-7415,Wellington Southdale Plaza,London,ON ,N6E 3A9,eye
Hespeler Family Eye Care Centre,www.5196512872.yp.ca,,519-651-2872,295 Jamieson Pkwy,Hespeler,ON ,N3C 3X1,eye
Lambeth Optometry,www.5196522672.yp.ca,,519-652-2672,4496 Colonel Talbot Rd,Lambeth,ON ,N0L 1S0,eye
Spa The,www.the-spa.ca,,519-653-8000,717 King Street East,Cambridge,ON ,N3H 3N8,eye
Kiss Ida Dr & Associates,www.5196608854.yp.ca,,519-660-8854,21603 Richmond,Arva,ON ,N0M 1C0,eye
Dolman Howard & Kim Drs,www.eyecareforlife.optometry.net,,519-662-3340,251B Huron Street,New Hamburg,ON ,N3A 1K2,eye
Sharpe Robert E Dr,www.5196686908.yp.ca,,519-668-6908,1750 Ernest Avenue,London,ON ,N6E 3H3,eye
Elmira Eyewear,www.5196690879.yp.ca,,519-669-0879,63 Arthur Street South,Elmira,ON ,N3B 2M6,eye
Wilkinson Carole & Chhatwal C Drs,www.5196695471.yp.ca,,519-669-5471,38 Church Street West,Elmira,ON ,N3B 1M5,eye
Talbot Animal Hospital,www.talbothosp.infovet.ca,,519-672-0672,121 Oxford Street East,London,ON ,N6A 1T4,eye
Dawkins Reed Dr,www.5196727206.yp.ca,,519-672-7206,640 Wellington Street,London,ON ,N6A 3R9,eye
Dela Cruz Optical,www.5196814226.yp.ca,,519-681-4226,1408 Ernest Avenue,London,ON ,N6E 3B2,eye
Tilbury Eye Care Centre,www.5196829004.yp.ca,,519-682-9004,60 Queen St N,Tilbury,ON ,N0P 2L0,eye
Thread & Eye,www.5196851444.yp.ca,,519-685-1444,37-699 Wilkins Street,London,ON ,N6C 5C8,eye
Nelles Gary Dr,www.5196885551.yp.ca,,519-688-5551,36 Brock Street West,Tillsonburg,ON ,N4G 2A2,eye
Eyeview Optical Ltd,www.5197252122.yp.ca,,519-725-2122,90 Weber Street North,Waterloo,ON ,N2J 3G8,eye
University Vision Centre,www.universityvisioncentre.ca,info@universityvisioncentre.ca,519-725-8999,140 University Avenue West,Waterloo,ON ,N2L 6J3,eye
Kingsville Eye Care,www.5197333560.yp.ca,,519-733-3560,121 Main Street East,Kingsville,ON ,N9Y 1A3,eye
Mastronardi Richard Dr,www.5197337644.yp.ca,,519-733-7644,59 Main Street East,Kingsville,ON ,N9Y 1A1,eye
Bull's Eye Pizza,www.5197341221.yp.ca,,519-734-1221,979 Front,Windsor,ON ,N9J 2A5,eye
Hupka R M Dr,www.5197350170.yp.ca,,519-735-0170,11811 Tecumseh Road East,Windsor,ON ,N8N 1L8,eye
Eye On Video,www.5197369211.yp.ca,,519-736-9211,400 Sandwich Street South,Amherstburg,ON ,N9V 3L4,eye
Sight For Sore Eyes Optical,www.5197390219.yp.ca,,519-739-0219,360 Manning Road,Windsor,ON ,N8N 4W5,eye
Posh Pooch The,www.5197399444.yp.ca,,519-739-9444,284 East Pike Creek Road,Tecumseh,ON ,N8N 2L9,eye
Hall Ritchie & Smith Drs,www.5197402230.yp.ca,,519-740-2230,51 Water Street North,Cambridge,ON ,N1R 3B3,eye
Chewter Clarice Dr,www.5197403540.yp.ca,,519-740-3540,61 Cedar Street,Cambridge,ON ,N1S 1V5,eye
Ranjit Johal Dr,www.5197408773.yp.ca,,519-740-8773,355 Hespeler Road,Cambridge,ON ,N1R 6B3,eye
Specs Appeal Inc,www.5197411233.yp.ca,,519-741-1233,885 Glasgow Street,Kitchener,ON ,N2M 2N7,eye
MacKenzie K Scott Dr,www.5197422715.yp.ca,,519-742-2715,4-901 Victoria Street North,Kitchener,ON ,N2B 3C3,eye
Eyelight Inc,www.eyelight.com,,519-743-2600,38 Bridgeport Road East,Waterloo,ON ,N2J 2J5,eye
KW Eye Care Centre,www.5197441001.yp.ca,,519-744-1001,450 Westheights Drive,Kitchener,ON ,N2N 2B9,eye
One Eyed Jack's Restaurant,www.5197442644.yp.ca,,519-744-2644,45 Duke Street West,Kitchener,ON ,N2H 3W6,eye
Scheid Richard J Dr,www.5197445452.yp.ca,,519-744-5452,585 Queen Street South,Kitchener,ON ,N2G 4S4,eye
Zehrs Eyewear,www.5197448984.yp.ca,,519-744-8984,750 Ottawa Street South,Kitchener,ON ,N2E 1B6,eye
Real Canadian Superstore Eyewear,www.5197452757.yp.ca,,519-745-2757,875 Highland Road West,Kitchener,ON ,N2N 2Y2,eye
Fairview Park Optometrists,www.5197489308.yp.ca,,519-748-9308,Fairview Park Mall,Kitchener,ON ,N2C 1X1,eye
Casselli Eye Care Center,www.kworthok.com,rjc6@sympatico.ca,519-749-0592,102-131 Union Street East,Waterloo,ON ,N2J 1C4,eye
Robinson Daniel Dr,www.5197514418.yp.ca,,519-751-4418,1Aa-10 King George Rd,Brantford,ON ,N3R 5J7,eye
Dr R Schumacher & Dr C Bahoshy,www.5197520121.yp.ca,,519-752-0121,268 Brant Avenue,Brantford,ON ,N3T 3J7,eye
Great Lakes Eye Centre,www.5197523200.yp.ca,,519-752-3200,99 Wayne Gretzky Parkway,Brantford,ON ,N3S 6T6,eye
Optic House,www.5197525456.yp.ca,,519-752-5456,10 King George Road,Brantford,ON ,N3R 5J7,eye
Avenue Optical Eye Care,www.5197525463.yp.ca,,519-752-5463,270 Brant Avenue,Brantford,ON ,N3T 3J7,eye
Al Dente Fresh Pasta,www.aldentebrantford.ca,,519-753-4303,250 King George Road,Brantford,ON ,N3R 5L5,eye
Madill Nolan Beal & Associates,www.5197566173.yp.ca,,519-756-6173,130 Charing Cross Street,Brantford,ON ,N3R 2J1,eye
Schuster H C Dr,www.5197566661.yp.ca,,519-756-6661,B200-325 West,Brantford,ON ,N3R 3V6,eye
Szak Bobor Georgeff & Wilson,www.5197592250.yp.ca,,519-759-2250,31 William Street,Brantford,ON ,N3T 3K3,eye
Axford Dan Opticians,www.5197652084.yp.ca,,519-765-2084,261 Talbot Street West,Aylmer,ON ,N5H 1J9,eye
Hutchison W G Dr,www.5197660820.yp.ca,,519-766-0820,85 Westmount Road,Guelph,ON ,N1H 5J2,eye
Kovacs Shirley Dr,www.5197681009.yp.ca,,519-768-1009,233 Graham,West Lorne,ON ,N0L 2P0,eye
Gall J Dr,www.5197738505.yp.ca,,519-773-8505,119 Sydenham Street East,Aylmer,ON ,N5H 1L4,eye
Hager Andrew Dr,www.5197768211.yp.ca,,519-776-8211,113 Talbot Street South,Essex,ON ,N8M 1B3,eye
Wendy's Family Creations,www.wensfamcreation.phoneguide.ca,,519-776-9583,43 Talbot Street North,Essex,ON ,N8M 1A3,eye
Coburn Scott Optical,www.5198212020.yp.ca,,519-821-2020,123 Wyndham Street North,Guelph,ON ,N1H 4E9,eye
Laidlaw Alison N Dr,www.5198217727.yp.ca,,519-821-7727,123A Wyndham Street North,Guelph,ON ,N1H 4E9,eye
Specs Appeal Inc,www.5198222530.yp.ca,,519-822-2530,370 Stone Road West,Guelph,ON ,N1G 4V9,eye
Brisson Leis & Associates,www.5198222710.yp.ca,,519-822-2710,21 College Avenue West,Guelph,ON ,N1G 1R7,eye
Edinburgh Optometry Clinic,www.5198228124.yp.ca,,519-822-8124,262 Edinburgh Road South,Guelph,ON ,N1G 2J8,eye
Guelph Eye Care Centre,www.5198242071.yp.ca,,519-824-2071,220 Victoria Road South,Guelph,ON ,N1E 5R1,eye
Park Capital Inc,www.parkcapital.ca,,519-824-9900,76 Dawson Road,Guelph,ON ,N1H 1A8,eye
Lukito Mark & Associates Dr,www.5198265323.yp.ca,,519-826-5323,435 Stone Road West,Guelph,ON ,N1G 2X6,eye
Carey Optical,www.5198325000.yp.ca,,519-832-5000,281 Goderich Street Ss 1,Port Elgin,ON ,N0H 2C1,eye
Neff & Tessel,www.5198362590.yp.ca,,519-836-2590,222 Eramosa Road,Guelph,ON ,N1E 2M4,eye
Springer Dale Dr,www.5198425131.yp.ca,,519-842-5131,161 Broadway Street,Tillsonburg,ON ,N4G 3P9,eye
Arnel Jonathan,www.5198425291.yp.ca,,519-842-5291,32 Harvey Street,Tillsonburg,ON ,N4G 3J8,eye
Gole R D Dr,www.5198483801.yp.ca,,519-848-3801,480 Smith,Arthur,ON ,N0G 1A0,eye
The Lance Howard Group Inc,www.lhg-inc.com,,519-850-6565,444 York Street,London,ON ,N6B 1R2,eye
Eye Opener The,www.5198625171.yp.ca,,519-862-5171,219 Hill,Corunna,ON ,N0N 1G0,eye
Grant Lutzi Ball Keir Drs,www.5198863937.yp.ca,,519-886-3937,620 Davenport Road,Waterloo,ON ,N2V 2C2,eye
Money Concepts,www.moneyconcepts.ca,,519-886-7300,30 Dupont Street East,Waterloo,ON ,N2J 2G9,eye
Optical Illusions Inc,www.opticalillusionsinc.ca,,519-888-0411,255 King Street North,Waterloo,ON ,N2J 4V2,eye
University Of Waterloo Optometry Clinic,www.5198884062.yp.ca,,519-888-4062,University Of Waterloo,Waterloo,ON ,N2L 3G1,eye
TLC Laser Eye Centers,www.5198884502.yp.ca,,519-888-4502,Columbia St W Wloo,Kitchener,ON,,eye
Eyeland Optical,www.5198936900.yp.ca,,519-893-6900,1005 Ottawa Street North,Kitchener,ON ,N2A 1H2,eye
Eye of the Tiger Martial Arts Fitness Centre,www.eyeofthetigerma.com,,519-894-3862,2A-1425 Strasburg Road,Kitchener,ON ,N2R 1H2,eye
Klassen P Optician,www.5198952172.yp.ca,,519-895-2172,102-123 Pioneer Drive,Kitchener,ON ,N2P 2A3,eye
Golden Eyes Jewellery,www.5198952285.yp.ca,,519-895-2285,2-1005 Ottawa Street North,Kitchener,ON ,N2A 1H2,eye
Orangeville Opticians,www.5199410602.yp.ca,,519-941-0602,150 First Street,Orangeville,ON ,L9W 3T7,eye
Orr Robert K Dr,www.drs-orr-brodie.optometry.net,,519-941-3770,230 Broadway,Orangeville,ON ,L9W 1K5,eye
Di Berardino Jack Dr,www.drdiberadino-assoc.ca,,519-941-6761,31 First Street,Orangeville,ON ,L9W 2C8,eye
Four Seasons Beauty Salon,www.5199443361.yp.ca,,519-944-3361,4650 Tecumseh Rd E,Windsor,ON ,N8T 1B7,eye
Admiral Optical Co Inc,www.5199452307.yp.ca,,519-945-2307,5165 Tecumseh Road East,Windsor,ON ,N8T 1C3,eye
Hunter's Pharmacy,www.hunterspharmacy.ca,,519-945-4333,3019 Tecumseh Road East,Windsor,ON ,N8W 1G8,eye
Lasalle Eye Care Centre,www.5199665955.yp.ca,,519-966-5955,5881 Malden Road,Windsor,ON ,N9H 1S5,eye
Devonshire Optometric,www.5199669443.yp.ca,,519-966-9443,Devonshire Mall,Windsor,ON ,N8X 3Y8,eye
Minardi Dianna Dr,www.5199693931.yp.ca,,519-969-3931,2055 Huron Church Road,Windsor,ON ,N9C 2L6,eye
Real Canadian Superstore Eyewear,www.5199721663.yp.ca,,519-972-1663,4371 Walker Road,Windsor,ON ,N8W 3T6,eye
eliquidmedia.com,www.5199731930.yp.ca,,519-973-1930,939 Goyeau Street,Windsor,ON ,N9A 1H7,eye
Minds Eye Tattoo,www.mindseyetattoo.com,,519-974-2525,5951 Wyandotte Street East,Windsor,ON ,N8S 1M9,eye
Need A New Hole East,www.needanewhole.com,,519-974-4848,4608 Tecumseh Road East,Windsor,ON ,N8W 1K7,eye
Union Vision Center,www.5199771164.yp.ca,,519-977-1164,1-573 Tecumseh Road East,Windsor,ON ,N8X 2S1,eye
Merchants Paper Co Windsor Ltd,www.merchants.ca,,519-977-9977,975 Crawford Avenue,Windsor,ON ,N9A 5C8,eye
Manning Rd Optometric Centre,www.5199790030.yp.ca,,519-979-0030,13330 Lanoue Street,Tecumseh,ON ,N8N 5E1,eye
Anchor Doors & Service,www.anchordoors.ca,,519-979-9299,13380 Sylvestre Drive,Tecumseh,ON ,N8N 2L9,eye
Mortgage Intelligence - Mike Celuch AMP,www.mortgageintelligence.ca,,519-988-1070,5454 Tecumseh Road East,Windsor,ON ,N8T 1C7,eye
EyeMaxx Optical Studio,www.eyemaxx.ca,,613-216-6076,237 Elgin Street,Ottawa,ON ,K2P 1L6,eye
Beauchamp Keith A Dr,www.6132244315.yp.ca,,613-224-4315,1901 Baseline Road,Ottawa,ON ,K2C 0C7,eye
Eyecom,www.6132251574.yp.ca,,613-225-1574,6 Newbury Avenue,Nepean,ON ,K2E 6K8,eye
A Eyewear Emporium,www.6132253870.yp.ca,,613-225-3870,2 Woodfield Drive,Nepean,ON ,K2G 3Y5,eye
New Look Eyewear,www.6132261061.yp.ca,,613-226-1061,1-1461 Merivale Rd Nepean,Ottawa,ON,,eye
Merivale Optometric Centre,www.6132268446.yp.ca,,613-226-8446,1547 Merivale Road,Nepean,ON ,K2G 4V3,eye
Vanier Optical,www.6132334884.yp.ca,,613-233-4884,200-160 Elgin Street,Ottawa,ON ,K2P 2C4,eye
X-Treme Eyewear,www.6132346860.yp.ca,,613-234-6860,50 Rideau Street,Ottawa,ON ,K1N 9J7,eye
Goodwin Grenville L Dr,www.magma.ca,,613-235-6550,189A Sparks Street,Ottawa,ON ,K1P 5B9,eye
McLeod Optometry Clinic,www.6132364402.yp.ca,,613-236-4402,323 McLeod Street,Ottawa,ON ,K2P 1A2,eye
New Look Eyewear,www.6132377270.yp.ca,,613-237-7270,153 O'Connor Ottawa,Ottawa,ON,,eye
Konzuk Peter J Dr Eye Speclst,www.6132385960.yp.ca,,613-238-5960,216-350 Sparks Street,Ottawa,ON ,K1R 7S8,eye
Martineau Josée M Dr,www.6132413937.yp.ca,,613-241-3937,900-325 Dalhousie Street,Ottawa,ON ,K1N 7G2,eye
Eye(z),www.6132415799.yp.ca,eyez@on.aibn.com,613-241-5799,11 Murray Street,Ottawa,ON ,K1N 9M5,eye
Conroy Optometric Centre,www.6132472020.yp.ca,,613-247-2020,2-2 Lorry Greenberg Drive,Ottawa,ON ,K1G 5H6,eye
Eye Exam Clinic,www.6132582933.yp.ca,,613-258-2933,2600 43 Hwy,Kemptville,ON ,K0G 1J0,eye
Eye & Vision Clinic,www.pertheyeclinic.com,,613-267-1402,6 Wilson Street East,Perth,ON ,K7H 1L2,eye
Angel Eyes Organic Produce Inc,www.6132722462.yp.ca,,613-272-2462,2828 Hwy 15,Portland,ON ,K0G 1V0,eye
New Look Eyewear,www.6132875665.yp.ca,,613-287-5665,45 Goulbourn Forced Road,Kanata,ON ,K2T 0C2,eye
New Look Eyewear,www.6132881375.yp.ca,,613-288-1375,301-1200 St Laurent Boulevard,Ottawa,ON ,K1K 3B8,eye
Merivale Mall Eye Care Centre,www.6133212598.yp.ca,,613-321-2598,1-1642 Merivale Road,Nepean,ON ,K2G 4A1,eye
Rawal Jerry Dr,www.6133321234.yp.ca,,613-332-1234,225 Hastings N,Bancroft,ON ,K0L 1C0,eye
Eye Exam Clinic,www.6133454343.yp.ca,,613-345-4343,358 Stewart Boulevard,Brockville,ON ,K6V 4X1,eye
Eagle Eye Marketing,www.6133537000.yp.ca,,613-353-7000,4427 Davidson Rd,Inverary,ON ,K0H 1X0,eye
Napanee Opticians,www.6133543744.yp.ca,,613-354-3744,118 John Street,Napanee,ON ,K7R 1R2,eye
Eyes Rx Limited,www.6133761017.yp.ca,,613-376-1017,4220 Sills Bay Road RR 1,Sydenham,ON ,K0H 2T0,eye
Cataraqui Eye Exam Centre,www.6133843131.yp.ca,,613-384-3131,945 Gardiners Road,Kingston,ON ,K7M 7H4,eye
Bayview Optometry,www.6133846022.yp.ca,,613-384-6022,1260 Carmil Boulevard,Kingston,ON ,K7M 5Z3,eye
Speight Ken Contact Lenses,www.6133891747.yp.ca,,613-389-1747,556 O'Connor Drive,Kingston,ON ,K7P 1N3,eye
EYES N OPTICS,www.6133923040.yp.ca,,613-392-3040,73 Dundas Street West,Trenton,ON ,K8V 3P4,eye
Hewbrook Incorporated,www.hewbrook.com,,613-392-3566,142 Division Street,Trenton,ON ,K8V 4X2,eye
Coward Bruce Dr & Associates,www.drbrucecoward.com,,613-392-6211,287 Dundas Street East,Trenton,ON ,K8V 1M1,eye
Laurier Optical,www.laurier-optical.com,,613-432-4488,108 Raglan Street South,Renfrew,ON ,K7V 1P9,eye
Filion Brigitte Dr,www.6134431113.yp.ca,,613-443-1113,685 Notre Dame,Embrun,ON ,K0A 1W0,eye
Family Eye Care Centre,www.6134469994.yp.ca,,613-446-9994,2911 Laurier St #100,Rockland,ON ,K4K 1A3,eye
A Bruce Coward Dr & Associates,www.6134753900.yp.ca,,613-475-3900,46 Prince Edward St,Brighton,ON ,K0K 1H0,eye
Cann-Wood Optical,www.6134761655.yp.ca,,613-476-1655,297 Picton Main Street,Picton,ON ,K0K 2T0,eye
Artificial Eye Clinic,www.6135424975.yp.ca,,613-542-4975,826 Princess Street,Kingston,ON ,K7L 1G3,eye
Focus Eye Centre,www.6135425000.yp.ca,,613-542-5000,325-166 Brock Street,Kingston,ON ,K7L 5G2,eye
Salaj Karen Dr,www.6135433208.yp.ca,,613-543-3208,91 Main,Morrisburg,ON ,K0C 1X0,eye
Hotel Dieu Hospital,www.6135443310.yp.ca,,613-544-3310,166 Brock Street,Kingston,ON ,K7L 5G2,eye
Fitzpatrick Ryan Dr,www.6135467645.yp.ca,,613-546-7645,Frontenac Mall,Kingston,ON ,K7M 4X4,eye
Auto Glass Pluss,www.6135474934.yp.ca,,613-547-4934,647 Princess Street,Kingston,ON ,K7L 1E4,eye
Marc F Raymond Opticians Ltd,www.raymondoptics.com,,613-549-2020,324 King Street East,Kingston,ON ,K7L 3B4,eye
Godoy Oscar Dr,www.6135630151.yp.ca,,613-563-0151,350 Sparks,Ottawa,ON ,K1R 7S8,eye
Rideau Optometric Clinic,www.eyehealthdocs.com,,613-567-0800,339-50 Rideau Street,Ottawa,ON ,K1N 9J7,eye
Centrum Eye Exam Centre,www.6135907363.yp.ca,,613-590-7363,105-250 Centrum Boulevard,Orleans,ON ,K1E 3J1,eye
Kanata Opticians,www.6135926343.yp.ca,,613-592-6343,150 Katimavik Road,Kanata,ON ,K2L 2N2,eye
Eyedu Solutions Inc,www.eyedusolutions.com,,613-593-8848,720 Belfast Road,Ottawa,ON ,K1G 0Z5,eye
Zimmer Cheryl Dr,www.6135991119.yp.ca,,613-599-1119,700 March Road,Kanata,ON ,K2K 2V9,eye
Kanata Bridlewood Optometric Centre,www.6135996868.yp.ca,,613-599-6868,701 Eagleson Road,Kanata,ON ,K2M 2G1,eye
Valley Vision Optical,www.6136237773.yp.ca,,613-623-7773,Arnprior Shopping Centre,Arnprior,ON ,K7S 3K6,eye
Hawkesbury Optometric Clinic,www.6136323937.yp.ca,,613-632-3937,210 Main Street East,Hawkesbury,ON ,K6A 1A5,eye
Hoffman Nathalie Dr,www.6136324455.yp.ca,,613-632-4455,285 Main Street East,Hawkesbury,ON ,K6A 1A6,eye
Solace Tanning & Esthetics,www.6136341364.yp.ca,,613-634-1364,775 Strand Boulevard,Kingston,ON ,K7P 2S7,eye
The Audible Eye,www.6136467582.yp.ca,,613-646-7582,RR 4,Cobden,ON ,K0J 1K0,eye
For Yours Eyes Only,www.6136874001.yp.ca,,613-687-4001,3495 Petawa Bl,Petawawa,ON ,K8H 2W8,eye
New Look Eyewear,www.6136885090.yp.ca,,613-688-5090,Train Yard Ottawa,Ottawa,ON,,eye
New Look Eyewear,www.6136885665.yp.ca,,613-688-5665,90 Rideau St Ottawa,Ottawa,ON,,eye
Eyeglass Man,www.manotickvision.com,,613-692-2579,1160 Beaverwood Rd,Manotick,ON ,K4M 1A8,eye
Bells Corners Eye Care Professionals,www.6137217093.yp.ca,,613-721-7093,1 Stafford Road,Nepean,ON ,K2H 9N5,eye
Van Wyck L Dr,www.cosmeticsurgeryottawa.com,,613-722-7912,706-1081 Carling Avenue,Ottawa,ON ,K1Y 4G2,eye
Focus Eye Centre,www.6137243937.yp.ca,,613-724-3937,110-1565 Carling Avenue,Ottawa,ON ,K1Z 8R1,eye
Beauchesne Kirsten Dr,www.6137253944.yp.ca,,613-725-3944,77 Holland Avenue,Ottawa,ON ,K1Y 0Y1,eye
Fraser P B & Associates,www.pbfraser.com,,613-727-0171,101-1737 Woodward Drive,Ottawa,ON ,K2C 0P9,eye
Delpero W Dr,www.6137280247.yp.ca,,613-728-0247,302-1081 Carling Avenue,Ottawa,ON ,K1Y 4G2,eye
Coldwell Banker First Ottawa Realty,www.6137282664.yp.ca,,613-728-2664,219-1419 Carling Avenue,Ottawa,ON ,K1Z 7L6,eye
Assante Capital Management Ltd,www.assante.com,,613-729-3222,100-1600 Carling Avenue,Ottawa,ON ,K1Z 8R7,eye
Bonn G E Dr Children's Eye Specialist,www.6137298600.yp.ca,,613-729-8600,105-1335 Carling Avenue,Ottawa,ON ,K1Z 8N8,eye
Prentice Vernon Dr,www.6137323891.yp.ca,,613-732-3891,481 MacKay Street,Pembroke,ON ,K8A 1E5,eye
Bull's Eye Design,www.6137334958.yp.ca,,613-733-4958,170 Twyford Street,Ottawa,ON ,K1V 0V8,eye
Ottawa Optometric Clinic,www.ottawaoptometric.com,,613-733-8400,1285 Kilborn Avenue,Ottawa,ON ,K1H 6K9,eye
Bright Eyes & Bushy Tails,www.6137358268.yp.ca,,613-735-8268,1959-A Petawawa Bl,Pembroke,ON ,K8A 7H3,eye
Valley Workwear,www.6137358290.yp.ca,,613-735-8290,680 Pembroke Street East,Pembroke,ON ,K8A 3M2,eye
Eye Institute-Ottawa Hospital,www.6137378575.yp.ca,,613-737-8575,501 Smyth Road,Ottawa,ON ,K1H 8L6,eye
Gloucester Family Optometrists,www.6137455588.yp.ca,,613-745-5588,106-1427 Ogilvie Road,Gloucester,ON ,K1J 8M7,eye
Ottawa Eye Clinic,www.ottawaeyeclinic.ca,,613-745-7844,680 Montreal Road,Ottawa,ON ,K1K 0T3,eye
Loblaws Eyewear,www.6137465724.yp.ca,,613-746-5724,1980 Ogilvie Rd,Ottawa,ON,,eye
Point Of View Opticians Inc,www.6137466418.yp.ca,,613-746-6418,1200 St Laurent Boulevard,Ottawa,ON ,K1K 3B8,eye
Brittany Spa,www.brittanyspa.ca,,613-747-0394,644 Montreal Road,Ottawa,ON ,K1K 0T5,eye
Bayshore Optometric Clinic,www.6138206111.yp.ca,,613-820-6111,100 Bayshore Drive,Nepean,ON ,K2B 8C1,eye
Nepean Optometric Clinic,www.6138208272.yp.ca,,613-820-8272,39 Robertson Road,Nepean,ON ,K2H 8R2,eye
Orleans Optometry,www.6138242000pj.ca,,613-824-2000,1-1224 Place D'Orleans Drive,Orleans,ON ,K1C 7K3,eye
Real Canadian Superstore Eyewear,www.6138248914.yp.ca,,613-824-8914,4270 Innes Road,Orleans,ON ,K4A 5E6,eye
Barrhaven Optometric Centre,www.barrhavenoptometric.com,,613-825-3931,14-1581 Greenbank Road,Nepean,ON ,K2J 4Y6,eye
H K Eyecan Ltd,www.6138288468.yp.ca,,613-828-8468,36 Burland Street,Ottawa,ON ,K2B 6J8,eye
New Look Eyewear,www.6138294057.yp.ca,,613-829-4057,Bayshore Shopping Centre,Ottawa,ON,,eye
Dr Mark Pogue & Dr Carol Trenholm,www.6138305492.yp.ca,,613-830-5492,4-2530 St Joseph Boulevard,Orleans,ON ,K1C 1G1,eye
Permanent Make-Up & Corrective Cosmetics NECTAR,www.6138330687.yp.ca,,613-833-0687,3478 Old Montreal Road,Cumberland,ON ,K4C 1H9,eye
Brown Dave MD,www.6138340553.yp.ca,,613-834-0553,1180 Place D'Orleans Drive,Orleans,ON ,K1C 7K3,eye
Clearview Eyewear Inc,www.6138347991.yp.ca,,613-834-7991,250 Centrum Boulevard,Orleans,ON ,K1E 3J1,eye
Stittsville Optometry,www.stittsvilleoptometry.com,,613-836-2030,1464 Stittsville Main,Stittsville,ON ,K2S 1A9,eye
Vezina Opticians,www.6138371119.yp.ca,,613-837-1119,5929 Jeanne D'Arc Bl,Orleans,ON ,K1C 6V8,eye
Richmond Family Eyecare Centre,www.6138384308.yp.ca,,613-838-4308,6179 Perth,Richmond,ON ,K0A 2Z0,eye
Capital Optical,www.6138412621.yp.ca,,613-841-2621,110 Place D'Orleans Drive,Orleans,ON ,K1C 2L9,eye
Laurin Optometry Inc,www.6138418828.yp.ca,,613-841-8828,2828 St Joseph Boulevard,Orleans,ON ,K1C 1G7,eye
New Look Eyewear,www.6138419944.yp.ca,,613-841-9944,3-4210 Innes Road,Orleans,ON ,K4A 5E6,eye
Family Wellness Centre,www.massageandwellness4u.com,,613-841-9962,4025 Innes Road,Orleans,ON ,K1C 1T1,eye
Martin Michele Dr,www.6138429325.yp.ca,,613-842-9325,879 Shefford Road,Gloucester,ON ,K1J 8H9,eye
Private Eye Security Inc,www.6138590740.yp.ca,,613-859-0740,119-2570 Southvale Crescent,Ottawa,ON ,K1B 5B7,eye
Dubuc Eye Care Centre-Centre Des Soins Visuels,www.6139326634.yp.ca,,613-932-6634,10 Montreal Road,Cornwall,ON ,K6H 1B1,eye
Eye Exam Clinic,www.6139366600.yp.ca,,613-936-6600,1 Water Street East,Cornwall,ON ,K6H 6M2,eye
Lumley C Counselling,www.6139626710.yp.ca,,613-962-6710,256-1/2 Front,Belleville,ON ,K8N 2Z2,eye
Roche Financial Group,www.rochefinancialgroup.com,,613-962-8785,220-100 Bell Boulevard,Belleville,ON ,K8P 4Y7,eye
Essenzia Eyewear,www.6139660006.yp.ca,,613-966-0006,224 Front,Belleville,ON ,K8N 2Z2,eye
Savelberg Douglas J Dr,www.6139665525.yp.ca,,613-966-5525,Quinte Mall,Belleville,ON ,K8P 4Y7,eye
Farmgate Gardens,www.6139671581.yp.ca,,613-967-1581,525 Frankford Road RR 1,Foxboro,ON ,K0K 2B0,eye
Negandhi H Dr,www.6139675717.yp.ca,,613-967-5717,390 North Front,Belleville,ON ,K8P 3E1,eye
Philip Christmas Dr,www.6139685959.yp.ca,,613-968-5959,268 Dundas Street East,Belleville,ON ,K8N 1E6,eye
Coward Bruce Dr & Associates,www.drbrucecoward.com,,613-968-6560,156 North Front,Belleville,ON ,K8N 2Y7,eye
Inova Opticians,www.6139688846.yp.ca,,613-968-8846,150 Sidney Street,Belleville,ON ,K8P 5E2,eye
Li Brenda Dr,www.6473453833.yp.ca,,647-345-3833,598B Mount Pleasant Road,Toronto,ON ,M4S 2M8,eye
Eye Doctor,www.6474356170.yp.ca,,647-435-6170,1139 Lawrence Avenue West,North York,ON ,M6A 1E1,eye
Eye Deal Optical,www.7052561066.yp.ca,,705-256-1066,143 Great Northern Road,Sault Ste Marie,ON ,P6B 4Y9,eye
Beaulne Denis Dr,www.7052648338.yp.ca,,705-264-8338,212-38 Pine Street North,Timmins,ON ,P4N 6K6,eye
R & S Vision Centre,www.7052677327.yp.ca,,705-267-7327,4-100 Waterloo Road,Timmins,ON ,P4N 4X5,eye
Kawartha Vision Care,www.kawarthavisioncare.ca,,705-324-0561,Lindsay Square,Lindsay,ON ,K9V 4Z1,eye
Eye Care Centre,www.7053244121.yp.ca,,705-324-4121,65 Angeline Street North,Lindsay,ON ,K9V 5N7,eye
Stone H David Dr,www.7053249003.yp.ca,,705-324-9003,5 Cambridge Street South,Lindsay,ON ,K9V 3B7,eye
Eyewear By Neil Young,www.nyofaceart.com,,705-324-9650,28 Cambridge Street South,Lindsay,ON ,K9V 3B6,eye
Hung TJ Dr,www.7053254890.yp.ca,,705-325-4890,Orillia Square Mall,Orillia,ON ,L3V 6H4,eye
Kay Lorne Dr,www.7053262955.yp.ca,,705-326-2955,65 Mississaga Street West,Orillia,ON ,L3V 3A7,eye
Town Robert B Dr,www.7053263242.yp.ca,,705-326-3242,62 Colborne Street East,Orillia,ON ,L3V 1T6,eye
Letwin Kenneth Dr,www.7053276544.yp.ca,,705-327-6544,210 Memorial Avenue,Orillia,ON ,L3V 7V1,eye
Orillia Eyewear,www.7053292929.yp.ca,,705-329-2929,3280-1 Monarch Dr,Orillia,ON ,L3V 3A7,eye
Sault Optometry Clinic,www.7053561985.yp.ca,,705-356-1985,13 Woodward,Blind River,ON ,P0R 1B0,eye
Barnes Jon Dr,www.7054269393.yp.ca,drjvbarnes@bellnet.ca,705-426-9393,472 Osborne,Beaverton,ON ,L0K 1A0,eye
Macalpine For Eyes Inc,www.7054291700.yp.ca,,705-429-1700,133 33rd Street North,Wasaga Beach,ON ,L9Z 2C1,eye
Alcona Optical,www.7054311332.yp.ca,,705-431-1332,1070 Innisfil Beach Road,Innisfil,ON ,L9S 4T9,eye
Innisfil Eye Care,www.7054312393.yp.ca,,705-431-2393,7975 Yonge Street,Innisfil,ON ,L9S 1L2,eye
Alliston Eye Centre,www.7054350877.yp.ca,,705-435-0877,83 Victoria W,Alliston,ON ,L9R 1T2,eye
Kingstone Neal Dr,www.7054351995.yp.ca,,705-435-1995,97 Victoria W,Alliston,ON ,L9R 1T2,eye
New Tec Optometry,www.7054352020.yp.ca,,705-435-2020,4 Victoria Street East,Alliston,ON ,L9R 1T4,eye
Hung J Dr,www.7054352442.yp.ca,,705-435-2442,Alliston Mills Shopping Centre,Alliston,ON ,L9R 1P8,eye
A New Look Optical,,,705-435-4358,99 Victoria Street West,Alliston,ON ,L9R 1T2,eye
Envy Eyewear,www.envyeyewear.com,,705-445-3168,Blue Mountain Village,Collingwood,ON ,L9Y 3Y9,eye
Longlade Charles W Dr,www.7054727940.yp.ca,,705-472-7940,463 Sherbrooke Street,North Bay,ON ,P1B 2C2,eye
Preston Medical Esthetics & Laser Clinic,www.prestonlaserclinic.com,,705-494-8777,91 Champlain Street,North Bay,ON ,P1B 7M3,eye
Cobean Mike Dr,www.7054952022.yp.ca,,705-495-2022,112 Lakeshore Drive,North Bay,ON ,P1A 2A8,eye
Sorgini Eye Institute,www.sorgini.com,,705-523-5555,1351 Martindale Road,Sudbury,ON ,P3E 4J7,eye
Eyes Of The Wild Tattoo,www.7055246234.yp.ca,,705-524-6234,893 Notre Dame Avenue,Sudbury,ON ,P3A 2T6,eye
First For Safety,www.firstforsafety.ca,,705-526-3853,105 Fourth Street,Midland,ON ,L4R 3S9,eye
Laurin Daniel Dr,www.7055265455.yp.ca,,705-526-5455,516 Elizabeth Street,Midland,ON ,L4R 2A1,eye
Carr David Dr & Associates,www.7055266050.yp.ca,,705-526-6050,16821 Highway 12,Midland,ON ,L4R 0A9,eye
Midland Optical,www.70552668000.yp.ca,,705-526-6800,310 Midland Avenue,Midland,ON ,L4R 3K6,eye
Real Canadian Superstore Eyewear,www.7055600548.yp.ca,,705-560-0548,1485 Lasalle Bl,Sudbury,ON,,eye
Block Opticians Inc,www.7055608383.yp.ca,,705-560-8383,1528 Lasalle Boulevard,Sudbury,ON ,P3A 1Z7,eye
Elements Salon & Spa,,,705-645-9600,31 Dominion,Bracebridge,ON ,P1L 2A5,eye
Ray & Son's Private Eye,www.7056477796.yp.ca,,705-647-7796,30518 Wright Creek Line,New Liskeard,ON ,P0J 1P0,eye
Heyden Richard Dr,www.7056526622.yp.ca,,705-652-6622,161 Queen St,Lakefield,ON ,K0L 2H0,eye
Bergeron Optical & Hearing Aids,www.7056713235.yp.ca,,705-671-3235,40 Elm Street,Sudbury,ON ,P3C 1S8,eye
Family EyeCare Centre,www.7056752388.yp.ca,,705-675-2388,65 Larch Street,Sudbury,ON ,P3E 1B8,eye
Glamour Eyes Mobile Make-Up Artist,www.7056857746.yp.ca,,705-685-7746,Muskoka & Area,Sprucedale,ON ,P0A 1Y0,eye
Walden Optical Ltd,www.7056924024.yp.ca,,705-692-4024,Walden Plaza,Lively,ON ,P3Y 1J1,eye
Iris Optometrists and Opticians,www.7057211220.yp.ca,,705-721-1220,350 Big Bay Point Rd,Barrie,ON,,eye
Annteam Mortgage Services,www.annteammortgage.com,,705-721-4509,20 Anne Street South,Barrie,ON ,L4N 2C6,eye
Raymond James Platinum Advisor Group,www.raymondjames.ca,,705-721-5919,126 Wellington Street West,Barrie,ON ,L4N 1K9,eye
Letwin K M Dr-Eye Physician & Surgeon,www.7057255443.yp.ca,,705-725-5443,125 Bell Farm Road,Barrie,ON ,L4M 6L2,eye
Archer's Eyewear,www.7057265327.yp.ca,,705-726-5327,515 Bryne Drive,Barrie,ON ,L4N 9P7,eye
Investors Group Financial Services,www.investorsgroup.com,,705-726-7836,103-128 Wellington Street West,Barrie,ON ,L4N 8J6,eye
Roberti Richard Dr,www.7057271418.yp.ca,,705-727-1418,509 Bayfield Street,Barrie,ON ,L4M 4Z8,eye
Wise Vision Centre Inc,www.7057280800.yp.ca,,705-728-0800,190 Cundles E,Barrie,ON,,eye
Haney E Dr & Hunter J Dr,www.drerinhaney.com,,705-728-3396,79 Bayfield Street,Barrie,ON ,L4M 3A7,eye
Eyepeek Eyewear,www.7057330606.yp.ca,,705-733-0606,75 Collier Street,Barrie,ON ,L4M 1G7,eye
Barrie Vision Centre,www.7057375858.yp.ca,,705-737-5858,221 Cundles Road East,Barrie,ON ,L4M 6L5,eye
Eye In The Sky Custom Aerial Photography,www.eyeinsky.ca,,705-739-1395,11 Rosenfeld Drive,Barrie,ON ,L4M 5X3,eye
Optical Outlet Ltd,www.7057422344.yp.ca,,705-742-2344,811 Chemong Road A,Peterborough,ON ,K9H 5Z5,eye
Kawartha Optometric,www.7057422941.yp.ca,,705-742-2941,328 Charlotte Street,Peterborough,ON ,K9J 2V7,eye
Robock Edward L Dr,www.7057425081.yp.ca,,705-742-5081,112 Hospital Dr,Peterborough,ON,,eye
Rehill Building Supplies,www.7057425428.yp.ca,,705-742-5428,921 High Street,Peterborough,ON ,K9J 5R1,eye
Nelms Opticians,www.7057425449.yp.ca,,705-742-5449,645 Lansdowne Street West,Peterborough,ON ,K9J 7Y5,eye
Raymond James Ltd-Seabrooke Financial,www.raymondjames.ca,,705-743-1221,999 Lansdowne Street West,Peterborough,ON ,K9J 8N2,eye
LaPlante Louis Dr,www.7057435971.yp.ca,,705-743-5971,Portage Place,Peterborough,ON ,K9H 7J6,eye
The Tax Smart Coach,www.thetaxsmartcoach.com,,705-743-6036,161 Wilson Street,Peterborough,ON ,K9J 1S6,eye
Mortgage Plus,www.mortgageplus.ca,,705-745-7334,329 Reid Street,Peterborough,ON ,K9H 4G3,eye
Paoli Paul Dr,www.7057485555.yp.ca,,705-748-5555,550 Lansdowne Street West,Peterborough,ON ,K9J 8J8,eye
Peterborough Optometric Centre,www.7057495402.yp.ca,,705-749-5402,1090 Clonsilla Avenue,Peterborough,ON ,K9J 5Y5,eye
Master Opticians,www.7057500110.yp.ca,,705-750-0110,815 High Street,Peterborough,ON ,K9J 8J9,eye
Sault Optometry Clinic,www.7057591985.yp.ca,,705-759-1985,Churchill Plaza,Sault Ste Marie,ON ,P6A 3Z9,eye
Group Health Centre,www.7057595561.yp.ca,,705-759-5561,240 McNabb Street,Sault Ste Marie,ON ,P6B 1Y5,eye
Bjork Stager & Stager Dr,www.7057883937.yp.ca,,705-788-3937,7-367 Muskoka Rd 3 North,Huntsville,ON ,P1H 1H6,eye
Spectacles Vision Centre,www.7057887733.yp.ca,,705-788-7733,77 Main Street East,Huntsville,ON ,P1H 2B9,eye
Creasor Gordon A Dr,www.7057899100.yp.ca,,705-789-9100,33 King William,Huntsville,ON ,P1H 1G4,eye
Whetham Solutions Website Development,www.whethamsolutions.com,,705-812-6288,77 Kipling Place,Barrie,ON ,L4N 4W9,eye
Colette's Studio Of Esthetics,www.7058481773.yp.ca,,705-848-1773,151 Ontario Avenue,Elliot Lake,ON ,P5A 2T2,eye
Madonna Optical,www.7059491978.yp.ca,,705-949-1978,Station Mall,Sault Ste Marie,ON ,P6A 1X3,eye
Beauty Skin Care Centre,www.7059698455.yp.ca,,705-969-8455,6136 Hwy 69 N,Hanmer,ON ,P3P 1K6,eye
Intercity Industrial Supply Ltd,www.intercityindustrial.com,,807-345-2324,669 Squier Street,Thunder Bay,ON ,P7B 4A7,eye
Kenora District Fire & Safety,www.8074681802.yp.ca,,807-468-1802,936 Park Street,Kenora,ON ,P9N 1B7,eye
Fingers & Toes,www.8074684073.yp.ca,,807-468-4073,223 First Street South,Kenora,ON ,P9N 1C2,eye
Wakegijig Brad Dr,www.8076227500.yp.ca,,807-622-7500,905 Victoria Avenue East,Thunder Bay,ON ,P7C 1B3,eye
Ham's,www.8076232020.yp.ca,,807-623-2020,124 Centennial Square,Thunder Bay,ON ,P7E 1H3,eye
Fort Optical Co,www.8076233678.yp.ca,,807-623-3678,2-1101 Arthur Street West,Thunder Bay,ON ,P7E 5S2,eye
L'Optométriste,www.8196692019.yp.ca,,819-669-2019,390,boulevard Maloney Est,Gat,atineau,eye
Heritage Eye Care,www.9052010363.yp.ca,,905-201-0363,381 Main Street North,Markham,ON ,L3P 1Z3,eye
Markham East Vision Centre,www.markhameastvision.ca,,905-201-1238,103-110 Copper Creek Drive,Markham,ON ,L6B 0P9,eye
Complete Optical,www.9052129921.yp.ca,,905-212-9921,3615 Dixie Road,Mississauga,ON ,L4Y 4H4,eye
Cantrup Petra Dr,www.9052273937.yp.ca,,905-227-3937,12 Regent Street,Thorold,ON ,L2V 1T1,eye
Ajax Acupuncture Clinic-Tran J Dr,www.9052310092.yp.ca,,905-231-0092,487 Westney Rd S,Ajax,ON ,L1S 6W8,eye
Westney Optical,www.9052311100.yp.ca,,905-231-1100,15 Westney Rd N,Ajax,ON ,L1S 1P1,eye
Eyes On You,www.9052450249.yp.ca,,905-245-0249,1615 Dundas Street East,Whitby,ON ,L1N 2L1,eye
Simcoe Optical Inc,www.9052450682.yp.ca,,905-245-0682,1240 Simcoe Street North,Oshawa,ON ,L1G 4X3,eye
Ujimoto Trent Dr,www.9052572230.yp.ca,,905-257-2230,360 Dundas Street East,Oakville,ON ,L6H 6Z9,eye
Pachler R Dr,www.9052573542.yp.ca,,905-257-3542,2530 Sixth Line,Oakville,ON ,L6H 6W5,eye
Real Canadian Superstore Eyewear,www.9052576581.yp.ca,,905-257-6581,201 Oak Park Boulevard,Oakville,ON ,L6H 7T4,eye
Poncho Bill Dr,www.9052640818.yp.ca,,905-264-0818,31 Colossus Drive,Woodbridge,ON ,L4L 9K4,eye
Donko Peter Dr,www.9052641512.yp.ca,,905-264-1512,21 Roysun Road,Woodbridge,ON ,L4L 8R3,eye
Gagliardi Mimmo Dr,www.9052646454.yp.ca,,905-264-6454,8633 Weston,Woodbridge,ON ,L4L 1A6,eye
Urban Oasis,www.urbanoasissun.com,,905-264-8268,7600 Weston Road,Woodbridge,ON ,L4L 8B7,eye
Eyewear Essentials,www.9052671008.yp.ca,,905-267-1008,7171 Torbram Road,Mississauga,ON ,L4T 3W4,eye
Tina's Spa & Salon,www.9052704382.yp.ca,,905-270-4382,980 Burnhamthorpe Road East,Mississauga,ON ,L4Y 2X6,eye
Chaudhury Dhir S Dr & Associates,www.9052725646.yp.ca,,905-272-5646,100 City Centre Drive,Mississauga,ON ,L5B 2C9,eye
Musaji Mississauga Eye Care,www.9052727270.yp.ca,,905-272-7270,33 City Centre Drive,Mississauga,ON ,L5B 2N5,eye
Skin Deep Phototherapy Inc,www.skin-deep.ca,,905-275-1056,202-918 Dundas Street East,Mississauga,ON ,L4Y 4H9,eye
Mississauga Optometric Clinic The,www.9052752020.yp.ca,,905-275-2020,50 Burnhamthorpe Road West,Mississauga,ON ,L5B 3C2,eye
Hoh Samuel Dr,www.9052757605.yp.ca,,905-275-7605,3039A Hurontario Street,Mississauga,ON ,L5A 2G9,eye
Jason Opticians,www.9052758555.yp.ca,,905-275-8555,1151 Dundas Street West,Mississauga,ON ,L5C 1C6,eye
Eric L Lo Dr,www.9052761967.yp.ca,,905-276-1967,172 Dundas Street East,Mississauga,ON ,L5A 1W4,eye
Vision Depot,www.9052764742.yp.ca,,905-276-4742,1125 Bloor Street,Mississauga,ON ,L4Y 2N6,eye
Eye2eye Imaging,www.9052773336.yp.ca,,905-277-3336,2395 Cawthra Road,Mississauga,ON ,L5A 2W8,eye
Rozanec Dr Peter & Naumowich Dr Lesley,www.9052789119.yp.ca,,905-278-9119,228 Lakeshore Road West,Mississauga,ON ,L5H 1G6,eye
Cheng Desmond Dr,www.9052818075.yp.ca,,905-281-8075,719 Central Parkway West,Mississauga,ON ,L5B 4L1,eye
Money Concepts,www.moneyconcepts.ca,,905-286-1334,62 Queen Street South,Mississauga,ON ,L5M 1K4,eye
Third Eye Solutions Inc,www.thirdeye.ca,,905-286-1411,2476 Argentia Road,Mississauga,ON ,L5N 6M1,eye
At Mavis & Burnhamthorpe,www.9052902020.yp.ca,,905-290-2020,626 Burnhamthorpe Road West,Mississauga,ON ,L5B 2C4,eye
Virgin Garry R Dr,www.9052945622.yp.ca,,905-294-5622,5873 Hwy 7,Markham,ON ,L3P 1A3,eye
Towne Optical,www.9052946926.yp.ca,,905-294-6926,117 Main Street North,Markham,ON ,L3P 1X9,eye
Optima Optical,www.9053034690.yp.ca,,905-303-4690,3300 Rutherford,Maple,ON ,L4K 5Z2,eye
Eye Exams,www.9053046113.yp.ca,,905-304-6113,Meadowlands Centre,Ancaster,ON ,L9K 1L5,eye
Holly's Pride Of Ancaster,www.hollys-pride.com,,905-304-8003,416 Highway No 52 S,Ancaster,ON ,L0R 1R0,eye
Optical Clearance Outlet,www.9053182020.yp.ca,,905-318-2020,1405 Upper Ottawa Street,Hamilton,ON ,L8W 3J6,eye
Fink Patricia Dr,www.9053191066.yp.ca,,905-319-1066,2080 Appleby Line,Burlington,ON ,L7L 6M6,eye
Courchesne Marg Dr,www.9053314447.yp.ca,,905-331-4447,5291 Lakeshore Road,Burlington,ON ,L7L 1C7,eye
Eyeglass Shoppe The,www.9053318005.yp.ca,,905-331-8005,3505 Upper Middle Road,Burlington,ON ,L7M 4C6,eye
Monteiro J Dr,www.drjmonteiro.com,,905-332-2162,12-1960 Appleby Line,Burlington,ON ,L7L 0B7,eye
A MAGNETSIGNS,www.9053325291.yp.ca,,905-332-5291,1950 Fieldgate Drive,Burlington,ON ,L7P 3H6,eye
Kim Currie & Assoc-Mortgage Intelligence,www.mortgagedesigns.ca,,905-333-0255,2289 Fairview Street,Burlington,ON ,L7R 2E3,eye
Julie's Spa and Laser Center,www.julies.ca,,905-333-0880,520 Guelph Line,Burlington,ON ,L7R 3M4,eye
Laurier Optical,www.9053350035.yp.ca,,905-335-0035,2455 Appleby Line,Burlington,ON ,L7L 0B6,eye
Hirano Lauren Dr,www.9053363205.yp.ca,,905-336-3205,1505 Guelph Line,Burlington,ON ,L7P 3B6,eye
Holly's Pride-Hotel For Pets,www.hollys-pride.com,,905-336-8494,2306 Orchard,Burlington,ON ,L7R 3X5,eye
Rousseaux Ronald Financial Planner,www.todaytomorrow.com,ron@todaytomorrow.com,905-336-9941,404-4145 North Service Road,Burlington,ON ,L7L 6A3,eye
Trafalgar Ridge Optometry,www.9053380377.yp.ca,,905-338-0377,2387 Trafalgar Road,Oakville,ON ,L6H 6K7,eye
Sebestyen Susana Dr,www.9053386633.yp.ca,,905-338-6633,200-1344 Cornwall Road,Oakville,ON ,L6J 7W5,eye
Squint Eyewear,www.squinteyewear.com,,905-339-2227,286 Lakeshore Road East,Oakville,ON ,L6J 1J2,eye
Eagle Eye Roofing,www.9053523782.yp.ca,,905-352-3782,5698 Division Street RR 4,Roseneath,ON ,K0K 2X0,eye
Eyewear Studio,www.9053540999.yp.ca,,905-354-0999,3714 Portage Road,Niagara Falls,ON ,L2J 2K9,eye
Focus Eyecare,www.9053545678.yp.ca,,905-354-5678,15-4025 Dorchester Road,Niagara Falls,ON ,L2E 7K8,eye
Eyes On You Photography,www.9053562703.yp.ca,,905-356-2703,6746A Morrison Street,Niagara Falls,ON ,L2E 6Z8,eye
Eye To Eye Optical Ltd,www.9053563030.yp.ca,,905-356-3030,Stamford Green Plaza,Niagara Falls,ON ,L2J 2K5,eye
Peninsula Eye Associates,www.9053563311.yp.ca,,905-356-3311,503-5400 Portage Road,Niagara Falls,ON ,L2G 5X7,eye
Johns Katharine M Dr,www.9053579600.yp.ca,,905-357-9600,4465 Drummond Road,Niagara Falls,ON ,L2E 6C5,eye
Falls Urgent Care,www.9053711881.yp.ca,,905-371-1881,6150 Valley Way,Niagara Falls,ON ,L2E 1Y3,eye
Lasik Provision Niagara,www.lasikprovision.com,,905-371-3217,6800 Morrison Street,Niagara Falls,ON ,L2E 6Z8,eye
Kawartha Vision Care,www.kawarthavisioncare.ca,,905-372-0872,9 Elgin E,Cobourg,ON ,K9A 1A1,eye
Brisson & Ghor & Schellenberg Drs,www.9053721858.yp.ca,,905-372-1858,316 King Street East,Cobourg,ON ,K9A 5R8,eye
H Negandhi Dr,www.9053723600.yp.ca,,905-372-3600,1111 Elgin Street West,Cobourg,ON ,K9A 5H7,eye
Evelyn-Hair Cutting Salon,www.9053830913.yp.ca,,905-383-0913,6-1119 Fennell Avenue East,Hamilton,ON ,L8T 1S2,eye
Total Vision Care,www.9053833833.yp.ca,,905-383-3833,1508 Upper James Street,Hamilton,ON ,L9B 1K3,eye
Bihun D'Ortenzio & Ozimok Drs,www.9053853661.yp.ca,,905-385-3661,66 Mall,Hamilton,ON ,L8V 5B9,eye
Lensmakers Optical,www.9053871601.yp.ca,,905-387-1601,990 Upper Wentworth,Hamilton,ON ,L9A 5E9,eye
Eye Society The,www.9053877327.yp.ca,,905-387-7327,661 Upper James Street,Hamilton,ON ,L9C 5R8,eye
Illuminata Eyewear,www.9053878830.yp.ca,,905-387-8830,999 Upper Wentworth Street,Hamilton,ON ,L9A 4X5,eye
Alfano Charlie Dr,www.9053883573.yp.ca,,905-388-3573,100-845 Upper James Street,Hamilton,ON ,L9C 3A3,eye
Hamilton Laser Eye Institute,www.9053889505.yp.ca,,905-388-9505,779 Upper Wentworth Street,Hamilton,ON ,L9A 4V7,eye
Mountain Eye Care,www.9053894201.yp.ca,,905-389-4201,535 Upper Wellington Street,Hamilton,ON ,L9A 3P7,eye
A A Jones Optical Inc,www.aajonesoptical.com,,905-389-7330,623 Upper Wellington Street,Hamilton,ON ,L9A 3R2,eye
Jongepier Julie Dr,www.9053993937.yp.ca,,905-399-3937,469 Guelph Line,Burlington,ON ,L7R 3L8,eye
The Eye Guy,www.eyeguyvision.com,,905-404-1999,1100 Simcoe Street North,Oshawa,ON ,L1G 4W6,eye
Frames Of Mind Optical,www.9054159345.yp.ca,,905-415-9345,Markville Centre,Unionville,ON ,L3R 4M9,eye
All About Eyes Optical,www.9054179950.yp.ca,,905-417-9950,2810 Major Mackenzie Drive,Maple,ON ,L6A 3L2,eye
Lee Jennifer Dr Optometrist,www.9054204230.yp.ca,,905-420-4230,25-1822 Whites Road,Pickering,ON ,L1V 4M1,eye
Pickering Eye Care,www.9054207070.yp.ca,,905-420-7070,1794 Liverpool Road,Pickering,ON ,L1V 4G7,eye
Durham Optometric Clinic,www.9054261434.yp.ca,,905-426-1434,62 Harwood S,Ajax,ON ,L1S 2H6,eye
Tyber Kevin Dr,www.9054274144.yp.ca,,905-427-4144,556 Kingston Road West,Ajax,ON ,L1T 3A2,eye
PT Skincare Specialist,www.ptskincarecom,,905-427-8200,27 Larner Drive,Ajax,ON ,L1T 2V1,eye
New Vision Optical Inc,www.9054326033.yp.ca,,905-432-6033,253 King E,Oshawa,ON ,L1H 1C5,eye
Bennett Dean Dr,www.9054358262.yp.ca,,905-435-8262,1420 Highway 2,Courtice,ON ,L1E 2J5,eye
RocheTax,www.rochefinancialgroup.com,,905-436-1956,200 John Street West,Oshawa,ON ,L1J 2B4,eye
Clinic Eyewear,www.9054381688.yp.ca,,905-438-1688,117 King E,Oshawa,ON ,L1H 1B8,eye
Eye Exam-Eye Care,www.9054503848.yp.ca,,905-450-3848,499 Main Street South,Brampton,ON ,L6Y 1N7,eye
Chiu Mae MW Dr & Fong Kin L Dr,www.9054512199.yp.ca,,905-451-2199,Brampton Shoppers World,Brampton,ON ,L6Y 1N7,eye
Habib Optical Ltd,www.9054515486.yp.ca,,905-451-5486,152 Queen Street East,Brampton,ON ,L6V 1B2,eye
Real Canadian Superstore Eyewear,www.9054516894.yp.ca,,905-451-6894,85 Steeles Avenue West,Brampton,ON ,L6Y 0K3,eye
Clearvu Eye Care,www.9054519982.yp.ca,,905-451-9982,80 Clementine Drive,Brampton,ON ,L6Y 0L8,eye
Queen Street Optometry,www.9054530242.yp.ca,,905-453-0242,125 Queen Street East,Brampton,ON ,L6W 2A9,eye
Eye Clinics,www.9054532700.yp.ca,,905-453-2700,145 Queen Street East,Brampton,ON ,L6W 3P8,eye
Renaissance European Day Spa,www.sparenaissance.com,,905-453-5055,295 Queen Street East,Brampton,ON ,L6W 3R1,eye
Feast Your Eyes Inc,www.feastyoureyes.ca,,905-454-0159,23 McMurchy Avenue North,Brampton,ON ,L6X 1X4,eye
Avenue Optical,www.avenueoptical.ca,,905-454-1277,200 County Court Boulevard,Brampton,ON ,L6W 4K7,eye
Aesthetics By Tantastic,www.9054544222.yp.ca,,905-454-4222,Shopper's World Brampton,Brampton,ON ,L6Y 1N7,eye
Alfa Optical,www.9054562733.yp.ca,,905-456-2733,110 Pertosa Dr,Brampton,ON ,L6X 5E9,eye
Kennedy Optical,www.9054562840.yp.ca,,905-456-2840,158 Queen Street East,Brampton,ON ,L6V 1B2,eye
Osler Eyecare,www.9054563937.yp.ca,,905-456-3937,164 Queen Street East,Brampton,ON ,L6V 1B4,eye
Psychic Reader & Advisor,www.9054566677.yp.ca,,905-456-6677,193 Queen Street East,Brampton,ON ,L6W 2B3,eye
Safety Superstore,www.safetysuperstore.com,,905-456-7233,350 Rutherford Road South,Brampton,ON ,L6W 3M2,eye
Dynamic Optical,www.9054568643.yp.ca,,905-456-8643,24 Queen Street East,Brampton,ON ,L6V 1A3,eye
Dr R Pandher And Associates,www.9054570918.yp.ca,,905-457-0918,249 Queen Street East,Brampton,ON ,L6W 2B8,eye
Lapienis Renis Dr,www.9054574700.yp.ca,,905-457-4700,229 Main Street South,Brampton,ON ,L6Y 1N5,eye
Chaudhury Dhir Dr,www.9054577677.yp.ca,,905-457-7677,14-3078 Mayfield Road,Brampton,ON ,L6Z 0E3,eye
Apple Of My Eye Children's Clothing,www.9054689247.yp.ca,,905-468-9247,1547 Niagara Stone Rd,Virgil,ON ,L0S 1T0,eye
Oakville Eye Associates Inc,www.9054696666.yp.ca,,905-469-6666,1515 Rebecca Street,Oakville,ON ,L6L 5G8,eye
Stein Raymond Dr,www.9054702020.yp.ca,,905-470-2020,147 Main Street,Unionville,ON ,L3R 2G8,eye
Eyes Right Optical,www.9054709755.yp.ca,,905-470-9755,5051 Hwy 7 E,Markham,ON ,L3R 1N3,eye
Dr Linda Kuhn,www.9054710592.yp.ca,,905-471-0592,5990 16th Avenue,Markham,ON ,L3P 7R2,eye
EES Financial Services Ltd,www.ees-financial.com,,905-471-1337,6090 Highway 7,Markham,ON ,L3P 3B1,eye
Markham Vision Centre,www.markhamvision.com,,905-472-2020,9275 Hwy 48,Markham,ON ,L3P 3J3,eye
Smart Eyes System Inc,www.9054752093.yp.ca,,905-475-2093,398 Ferrier Street,Markham,ON ,L3R 2Z5,eye
Markham Nutrition,www.markhamnutrition.com,markhamnutrition@rogers.com,905-475-5366,560 Denison Street,Markham,ON ,L3R 2M8,eye
Eye Plus Optical Inc,www.9054757588.yp.ca,,905-475-7588,7170 Warden Av,Unionville,ON ,L3R 8B4,eye
Baron Ian D Dr,www.9054759807.yp.ca,,905-475-9807,7768 McCowan,Unionville,ON ,L3S 3J3,eye
Patel Umang Dr,www.9054761206.yp.ca,,905-476-1206,443 The Queensway South,Keswick,ON ,L4P 3J4,eye
Keswick Optical,www.9054767775.yp.ca,,905-476-7775,Glenwoods Centre,Keswick,ON ,L4P 3J4,eye
Fung Lisa Dr,www.9054767978.yp.ca,,905-476-7978,76 Arlington Dr,Keswick,ON ,L4P 4H6,eye
Innamorato David Dr,www.9054774488.yp.ca,,905-477-4488,4591 Hwy 7 E,Markham,ON,,eye
Chuang Andrew Dr,www.9054887159.yp.ca,,905-488-7159,143 Queen Street East,Brampton,ON ,L6W 2B1,eye
Eye-View Services,www.9054921729.yp.ca,,905-492-1729,980 Alliance Road,Pickering,ON ,L1W 3M9,eye
Image Optical Brampton,www.imageoptical.ca,,905-494-1880,55 Mountainash Rd,Brampton,ON ,L6R 1W4,eye
Viet Eyes Optical,www.9055020026.yp.ca,,905-502-0026,5025 Heatherleigh,Cooksville,ON ,L5V 2Y7,eye
KT Nguyen Optometry Professional Corporation,www.9055026619.yp.ca,,905-502-6619,512 Bristol Road West,Mississauga,ON ,L5R 3Z1,eye
Eyeglass Studio,www.9055070122.yp.ca,,905-507-0122,40 Bristol Road East,Mississauga,ON ,L4Z 3K8,eye
Markham Optometric Clinic,www.9055131252.yp.ca,,905-513-1252,4997 Highway 7,Markham,ON ,L3R 1N1,eye
Eye Will See Security,www.9055173969.yp.ca,,905-517-3969,PO Box 1363,Hamilton,ON,,eye
Royal Classic Bag Ltd,www.royalclassicbag.ca,,905-523-0711,2 King Street West,Hamilton,ON ,L8P 1A1,eye
Sanger Eye Clinic,www.9055254713.yp.ca,,905-525-4713,101-200 James Street South,Hamilton,ON ,L8P 3A9,eye
Toronto Eye Prosthetics,www.9055287266.yp.ca,,905-528-7266,601-1 Young Street,Hamilton,ON ,L8N 1T8,eye
Dr J Nardone & Associates,www.9055287440.yp.ca,,905-528-7440,550 Fennell Avenue East,Hamilton,ON ,L8V 4S9,eye
Investors Group Financial Services,www.investorsgroup.com,,905-529-7165,105-25 Main Street West,Hamilton,ON ,L8P 1H1,eye
Heddle Stewart B Dr,www.doctorheddle.com,,905-529-7195,247 John Street South,Hamilton,ON ,L8N 2C9,eye
Salaba Sheldon Dr,www.advancedvision.ca,,905-540-3937,67 Queen Street South,Hamilton,ON ,L8P 3R6,eye
Khan Miriam Dr,www.9055420778.yp.ca,,905-542-0778,6975 Meadowvale Town Centre Circle,Mississauga,ON ,L5N 2W7,eye
Optical Factory,www.9055441448.yp.ca,,905-544-1448,1241 Barton E,Hamilton,ON ,L8H 2V2,eye
Eyecatcher Signs,www.9055448888.yp.ca,,905-544-8888,1253 King Street East,Hamilton,ON ,L8M 1G7,eye
Main Optical,www.9055478200.yp.ca,,905-547-8200,826 Main Street East,Hamilton,ON ,L8M 1L6,eye
Optical Clearance Outlet,www.9055478891.yp.ca,,905-547-8891,350 Ottawa Street North,Hamilton,ON ,L8H 4A1,eye
Focus Eyecare,www.9055615678.yp.ca,,905-561-5678,284 Mud Street West,Stoney Creek,ON ,L8J 3Z6,eye
Dueck David A Dr & Associates,www.9055631618.yp.ca,,905-563-1618,4975 King St E,Beamsville,ON ,L0R 1B0,eye
Hennig Tim Dr,www.9055635333.yp.ca,,905-563-5333,4266 Queen St,Beamsville,ON ,L0R 1B0,eye
Cre8tive Eye Designs,www.9055642013.yp.ca,,905-564-2013,1575 Trinity Drive,Mississauga,ON ,L5T 1K4,eye
Arora Sangita Dr,www.9055679791.yp.ca,,905-567-9791,5980 Churchill Meadows Bl,Streetsville,ON ,L5M 7M5,eye
Powell Dianne Dr,www.9055684480.yp.ca,,905-568-4480,20 Kingsbridge Garden Circle,Mississauga,ON ,L5R 3K7,eye
LaModa eyetique,www.9055697108.yp.ca,,905-569-7108,3237 Wilmar Crescent,Mississauga,ON ,L5L 4B1,eye
The Eye Shoppe,www.9055713910.yp.ca,,905-571-3910,201 King W,Oshawa,ON ,L1J 2J5,eye
Avis Kimberly Dr,www.9055717904.yp.ca,,905-571-7904,Oshawa Centre,Oshawa,ON ,L1J 2K5,eye
Lawlor Safety,www.9055733223.yp.ca,,905-573-3223,305 Kenora Avenue,Hamilton,ON ,L8E 2W3,eye
Sightline Optical Inc,www.sightlineoptical.com,,905-575-8589,847 Upper James Street,Hamilton,ON ,L9C 3A3,eye
Eric L Lo Dr,www.9055784679.yp.ca,,905-578-4679,Eastgate Square,Hamilton,ON ,L8E 2P2,eye
Eyewear By Towne Optical,www.kawarthavisioncare.ca,,905-579-5661,210 Bond Street West,Oshawa,ON ,L1J 2L7,eye
Bond Optical,www.9055796411.yp.ca,,905-579-6411,375 Bond Street West,Oshawa,ON ,L1J 8A2,eye
Pearle Vision,www.9056078533.yp.ca,,905-607-8533,5100 Erin Mills Parkway,Mississauga,ON ,L5M 4Z5,eye
Banducci Michael Dr,www.9056150500.yp.ca,,905-615-0500,2 Robert Speck Parkway,Mississauga,ON ,L4Z 1H8,eye
Alternative Eyewear Inc,www.9056192742.yp.ca,,905-619-2742,520 Westney S,Ajax,ON ,L1S 6W4,eye
Vision Advantage Optical,www.youreyesfirst.com,,905-623-0482,219 King Street East,Bowmanville,ON ,L1C 1P7,eye
Maaz Optical,www.9056232688.yp.ca,,905-623-2688,210 King Street East,Bowmanville,ON ,L1C 1P3,eye
Roche Financial Group,www.rochefinancialgroup.com,,905-623-4139,68 King E,Bowmanville,ON ,L1C 3X2,eye
Mueller Coralee Dr,www.9056235235.yp.ca,,905-623-5235,13 King Street West,Bowmanville,ON ,L1C 1R2,eye
Retrospecs Eyewear,www.9056242020.yp.ca,,905-624-2020,2601 Matheson Boulevard East,Mississauga,ON ,L4W 5A8,eye
Barkley Opticians,www.9056253086.yp.ca,,905-625-3086,1425 Dundas E,Mississauga,ON ,L4X 1L3,eye
Rockwood Optical,www.9056256444.yp.ca,,905-625-6444,4141 Dixie Road,Mississauga,ON ,L4W 1V5,eye
Wide Eyed Communications,www.wideeyedcommunications.com,,905-627-2374,7 King St East,Dundas,ON ,L9H 1B7,eye
Conron BT & Patriquin JD Drs,www.9056286521.yp.ca,,905-628-6521,16 King Street West,Dundas,ON ,L9H 1T7,eye
Blur Eyewear,www.blureyewear.com,,905-628-7888,95 King Street West,Dundas,ON ,L9H 1V1,eye
Optical Clearance Outlet,www.9056316588.yp.ca,,905-631-6588,11-516 Plains Road East,Burlington,ON ,L7T 2E1,eye
Ratnasingam Uma Dr,www.9056321550.yp.ca,,905-632-1550,Burlington Mall,Burlington,ON ,L7R 3N2,eye
Akber Optical Inc,www.akberoptical.com,,905-634-3220,5111 New Street,Burlington,ON ,L7L 1V2,eye
Canadian Centre Advanced Eye Therapeutics,www.9056391202.yp.ca,,905-639-1202,3155 Harvester Road,Burlington,ON ,L7N 3V2,eye
Quality Hotel,www.qualityhotelburlington.com,,905-639-9290,950 Walkers Line,Burlington,ON ,L7N 2G2,eye
Burlington Eyecare,www.burlingtoneye.ca,,905-639-9595,3400 Fairview Street,Burlington,ON ,L7N 3G5,eye
Barnes Jon Dr,www.9056422010.yp.ca,,905-642-2010,15 Ringwood Dr,Stouffville,ON ,L4A 8C1,eye
McDowell J M Dr,www.9056423937.yp.ca,,905-642-3937,6085 Main Street,Stouffville,ON ,L4A 3R4,eye
Huston Cheryl Dr,www.9056464640.yp.ca,,905-646-4640,292 Geneva Street,St Catharines,ON ,L2N 2E8,eye
Ancaster Eye Clinic Bldg,www.9056480900.yp.ca,,905-648-0900,44 Wilson Street East,Ancaster,ON ,L9G 5A8,eye
Meadowlands Eye Clinic & Optical Boutique,www.EyesForLife.ca,,905-648-3762,35 Stone Church Road,Ancaster,ON ,L9K 1S5,eye
Fernando R Dr & Associates,www.9056556236.yp.ca,,905-655-6236,4091 Thickson Road North,Whitby,ON ,L1R 2X3,eye
Van Wyngaarden Janice Dr,www.9056593937.yp.ca,,905-659-3937,835 Regional Road No 97,Freelton,ON ,L0R 1K0,eye
De Rubeis & Starcevic,www.9056621375.yp.ca,,905-662-1375,20 King Street West,Stoney Creek,ON ,L8G 1G8,eye
Dueck David A Dr & Associates,www.9056628863.yp.ca,,905-662-8863,110-15 Mountain Avenue South,Stoney Creek,ON ,L8G 2V6,eye
Vision Advantage Optical,www.youreyesfirst.com,,905-665-6708,3050 Garden Street,Whitby,ON ,L1R 2G7,eye
Eagle Eye Custom Cycles,www.9056657400.yp.ca,,905-665-7400,1501 Hopkins Street,Whitby,ON ,L1N 2C2,eye
Rossland Optical,www.rosslandoptical.com,,905-665-8515,701 Rossland Road East,Whitby,ON ,L1N 8Y9,eye
Optical 20 20,www.9056662020.yp.ca,,905-666-2020,101 Brock Street South,Whitby,ON ,L1N 4J9,eye
Whitby Optical,www.9056663831.yp.ca,,905-666-3831,370 Brock Street South,Whitby,ON ,L1N 4K4,eye
Schmitz Pamela Dr Sujo Linda Dr and Rayman Daniel Dr Associates In Optometry,www.9056664848.yp.ca,,905-666-4848,736 Dundas Street West,Whitby,ON ,L1N 2N4,eye
One Eye Publications,www.9056668780.yp.ca,,905-666-8780,103 Dundas Street West,Whitby,ON ,L1N 2M1,eye
Bennett Chem-Dry,www.9056681750.yp.ca,,905-668-1750,200 Annes Street,Whitby,ON ,L1N 5K1,eye
Pellegrino Michael Dr,www.9056684479.yp.ca,,905-668-4479,2-413 Dundas Street East,Whitby,ON ,L1N 2J2,eye
Glamour Eyeware,www.9056698795.yp.ca,,905-669-8795,3255 Rutherford Rd,Thornhill,ON ,L4K 5Y5,eye
Bird's Eye Millwork Inc,www.9056701944.yp.ca,,905-670-1944,1660 Enterprise Road,Mississauga,ON ,L4W 4L4,eye
Next Optical,www.nextoptical.ca,,905-677-5337,7330 Goreway Drive,Mississauga,ON ,L4T 4J2,eye
Bojeczko Donna M Dr,www.drbojeczko.com,,905-681-2264,2050 James Street,Burlington,ON ,L7R 1H3,eye
Drs Varshney Optometrists,www.varshney.optometry.net,drs@varshney.optometry.net,905-681-6151,900 Maple Avenue,Burlington,ON ,L7S 2J8,eye
Hadden Brian Dr & Associates,www.9056830612.yp.ca,,905-683-0612,596 Kingston Road West,Ajax,ON ,L1T 3A2,eye
Ajax Optical,www.9056837235.yp.ca,,905-683-7235,145 Kingston Road East,Ajax,ON ,L1S 7J4,eye
Sharma Linda Dr & Associates,www.9056843095.yp.ca,,905-684-3095,191 Welland,St Catharines,ON ,L2R 2P2,eye
Private Eyes St Catharines,www.9056843937.yp.ca,,905-684-3937,3 Niagara Stone Road RR 4,Niagara On The Lake,ON ,L0S 1J0,eye
Private Eyes St Catharines,www.9056844653.yp.ca,,905-684-4653,222 Bunting Road,St Catharines,ON ,L2M 3Y1,eye
Robertson Frank Dr,www.9056845544.yp.ca,,905-684-5544,8-420 Vansickle Road,St Catharines,ON ,L2R 6P9,eye
Garden City Ocular Imaging,www.9056848521.yp.ca,,905-684-8521,274 4th Av,St Catharines,ON ,L2R 6P9,eye
Pollock Jon M Dr,www.9056853115.yp.ca,,905-685-3115,111-245 Pelham Road,St Catharines,ON ,L2S 1X8,eye
Denbak Douglas Dr,www.9056856515.yp.ca,,905-685-6515,318 Ontario Street,St Catharines,ON ,L2R 5L8,eye
Ginter Ronald J Dr,www.9056861551.yp.ca,,905-686-1551,676 Monarch Avenue,Ajax,ON ,L1S 4S2,eye
Town Optical,www.9056898428.yp.ca,,905-689-8428,255 Dundas Street SS 4,Waterdown,ON ,L0R 2H6,eye
Dr Teske & Associates,www.9057021616.yp.ca,,905-702-1616,99 Sinclair Avenue,Georgetown,ON ,L7G 5G1,eye
Eyevisit Optical,www.9057073302.yp.ca,,905-707-3302,Ontario,Thornhill,ON,,eye
Eyewear Shops Of Toronto,www.9057094206.yp.ca,,905-709-4206,1 Promenade Circle,Thornhill,ON ,L4J 4P8,eye
Centre Optical,www.9057096234.yp.ca,,905-709-6234,1054 Centre Street,Thornhill,ON ,L4J 8E5,eye
Herzig Eye Institute,www.9057211211.yp.ca,,905-721-1211,117 King Street East,Oshawa,ON ,L1H 1B9,eye
Nema Optical,www.nemaoptical.com,,905-721-2133,5 Points Mall 285 Taunton Rd E,Oshawa,ON ,L1G 3V2,eye
Black F R Dr & Associates,www.9057234191.yp.ca,,905-723-4191,136 Simcoe Street North,Oshawa,ON ,L1G 4S7,eye
Cote Daniel J Dr,www.9057270139.yp.ca,,905-727-0139,15005 Yonge Street,Aurora,ON ,L4G 1M5,eye
Hollywood Eye Magic,www.9057271112.yp.ca,,905-727-1112,15132 Yonge Street,Aurora,ON ,L4G 1M2,eye
Durham Optical,www.9057285131.yp.ca,,905-728-5131,11 Ontario Street,Oshawa,ON ,L1G 4Y6,eye
Fitzgerald Leslie C Dr,www.9057287017.yp.ca,,905-728-7017,25 Thickson Road North,Whitby,ON ,L1N 8W8,eye
Eye Care Optical,www.9057318480.yp.ca,,905-731-8480,390 Steeles Avenue West,Thornhill,ON ,L4J 6X2,eye
Feinstein Brian R Dr,www.9057319355.yp.ca,,905-731-9355,9184 Yonge Street,Richmond Hill,ON ,L4C 7A1,eye
Hsiung Richard Dr,www.9057320039.yp.ca,,905-732-0039,114 Thorold Road,Welland,ON ,L3C 3V2,eye
Rice B H Dr,www.9057322401.yp.ca,,905-732-2401,547 Thorold Road,Welland,ON ,L3C 3W9,eye
Saari Ralph L Dr,www.9057357035.yp.ca,,905-735-7035,20 Cross Street,Welland,ON ,L3B 3G1,eye
Johnson Optical,www.9057373598.yp.ca,,905-737-3598,9631 Yonge Street,Richmond Hill,ON ,L4C 0M5,eye
Lowy Deborah Dr,www.9057386680.yp.ca,,905-738-6680,1520 Steeles Avenue West,Concord,ON ,L4K 3B9,eye
Eye Spy Accessories Inc,www.9057386850.yp.ca,,905-738-6850,30 Macintosh Bl,Concord,ON ,L4K 3N6,eye
Chagpar Nameera Dr,www.9057510025.yp.ca,,905-751-0025,446 Hollandview Trail,Aurora,ON ,L4G 7Z9,eye
Myrna Wong Dr,www.9057511700.yp.ca,,905-751-1700,130 Hollidge,Aurora,ON ,L4G 7H7,eye
Eyestar Vaughan Mills,www.9057615048.yp.ca,,905-761-5048,1 Bass Pro Mills Drive,Concord,ON ,L4K 5W4,eye
Kane Nolan Dr,www.9057631107.yp.ca,,905-763-1107,7700 Bathurst Street,Thornhill,ON ,L4J 7Y3,eye
Leslie St Animal Hospital,www.9057647890.yp.ca,,905-764-7890,7-16 Sims Crescent,Richmond Hill,ON ,L4B 2P1,eye
Zeiler L Dr,www.9057650355.yp.ca,,905-765-0355,245 Argyle S,Caledonia,ON ,N3W 1K7,eye
Rational Eyes Inc,www.9057707066.yp.ca,,905-770-7066,675 Cochrane Drive,Markham,ON ,L3R 0B8,eye
Oak Ridges Vision Center,www.oakridgesvision.ca,,905-773-3415,13291 Yonge Street,Richmond Hill,ON ,L4E 4L6,eye
4 Eyes Fencing,www.9057756100.yp.ca,,905-775-6100,47 Breeze Drive,Bradford,ON ,L3Z 3A6,eye
Bradford Rental Sales & Service,www.9057757101.yp.ca,,905-775-7101,192 Bridge Street,Bradford,ON ,L3Z 3H2,eye
Elmalem Dr Joseph & Associates,www.9057800250.yp.ca,,905-780-0250,9350 Yonge Street,Richmond Hill,ON ,L4C 5G2,eye
Eye On Fashion,www.9057809098.yp.ca,,905-780-9098,9665 Bayview Avenue,Richmond Hill,ON ,L4C 9V4,eye
Real Canadian Superstore Eyewear,www.9057853150.yp.ca,,905-785-3150,3050 Argentia Rd,Streetsville,ON,,eye
AKAL Optical Ltd,www.9057927242.yp.ca,,905-792-7242,10095 Bramalea,Brampton,ON ,L3R 1A1,eye
Thompson Rick H Dr,www.drrickthompson.ca,,905-793-2020,470 Chrysler Drive,Brampton,ON ,L6S 0C1,eye
Eye in The Sky,www.9057967625.yp.ca,,905-796-7625,499 Main S,Brampton,ON ,L6Y 1N6,eye
J & K Gill Optometry Professional Corp,www.9057993514.yp.ca,,905-799-3514,25 Peel Centre Drive,Brampton,ON ,L6T 3R5,eye
Great Lakes Optometry,www.9058086232.yp.ca,,905-808-6232,3420 Rebecca,Oakville,ON ,L6L 6W2,eye
Tai Fabian Dr & Associates,www.9058128100.yp.ca,,905-812-8100,5602 Tenth Line W,Streetsville,ON ,L5M 7L9,eye
Meadowvale Optometry,www.9058134454.yp.ca,,905-813-4454,6956 Financial Drive,Mississauga,Str,tsville,eye
Beautiful One Lipodissolve Cosmetic Clinic,www.9058201398.yp.ca,,905-820-1398,1675 The Chase,Streetsville,ON ,L5M 5Y7,eye
Ahmed Sabrina Dr,www.myeyedoc.ca,reception@myeyedoc.ca,905-821-3576,Meadowvale Professional Bldg,Streetsville,ON ,L5N 2Y1,eye
Sheridan Optometric Centre,www.sheridanoptometry.com,,905-822-3698,2155 Leanne Boulevard,Mississauga,ON ,L5K 2K8,eye
Elite Optique Inc,www.9058245296.yp.ca,,905-824-5296,6750 Winston Churchill Boulevard,Mississauga,ON ,L5N 4C4,eye
Barkley Oakville Eyewear,www.9058258795.yp.ca,,905-825-8795,481 North Service Road West,Oakville,ON ,L6M 2V6,eye
Kara A Dr & Associates,www.9058260736.yp.ca,,905-826-0736,6677 Meadowvale Town Centre Circle,Mississauga,ON ,L5N 2R5,eye
Creditview Optical,www.9058262811.yp.ca,,905-826-2811,1250 Eglinton Avenue West,Mississauga,ON ,L5V 1N3,eye
Shin Diane & Associates,www.9058263074.yp.ca,,905-826-3074,228 Queen Street South,Mississauga,ON ,L5M 1L5,eye
Streetsville Eye Care Ltd,www.9058265292.yp.ca,,905-826-5292,21-128 Queen Street South,Mississauga,ON ,L5M 1K8,eye
Van Ymeren N Dr,www.9058272228.yp.ca,,905-827-2228,110 Nelson Street,Oakville,ON ,L6L 3H9,eye
Smith Karen B,www.9058273937.yp.ca,,905-827-3937,2425 Marine Drive,Oakville,ON ,L6L 1C6,eye
Brightwork Stefan Eyeram & Associates,www.9058274630.yp.ca,,905-827-4630,2334 Mowat Avenue,Oakville,ON ,L6H 6B8,eye
Sciberras Jeff Dr,www.yourvision.ca,info@yourvision.ca,905-828-2282,2000 Credit Valley Road,Mississauga,ON ,L5M 4N4,eye
Credit Valley Optical,www.creditvalleyoptical.com,,905-828-6035,2300 Eglinton Avenue West,Mississauga,ON ,L5M 2V8,eye
Safety Superstore,www.safetysuperstore.com,,905-828-7233,3425 Laird Road,Mississauga,ON ,L5L 5R8,eye
Yeung Christine Dr,www.oakvilleeyecare.com,,905-829-3229,2460 Neyagawa Bl,Oakville,ON ,L6H 7P4,eye
Carmichael Hair Design Group & Day Spa,www.carmichaelhairandspa.com,,905-830-1886,217 Main Street South,Newmarket,ON ,L3Y 3Y9,eye
Elmalem Dr Joseph & Associates,www.9058301910.yp.ca,,905-830-1910,17600 Yonge Street,Newmarket,ON ,L3Y 4Z1,eye
Famous Optical Inc,www.9058312221.yp.ca,,905-831-2221,1355 Kingston,Pickering,ON ,L1V 1B8,eye
Leet Susan Dr & Meldrew Bradley Dr,www.9058317020.yp.ca,,905-831-7020,1550 Kingston,Pickering,ON ,L1V 1C3,eye
Schmidt Michele Dr,www.9058322656.yp.ca,,905-832-2656,9983 Keele,Maple,ON ,L6A 1R6,eye
Postiglione Sonia Dr,www.9058339808.yp.ca,,905-833-9808,13069 Keele Street,King City,ON ,L7B 1G1,eye
Ventresca M R Dr,www.9058345611.yp.ca,,905-834-5611,248 Killaly Street West,Port Colborne,ON ,L3K 6A6,eye
Smith Optical Vision & Hearing Care,www.9058356607.yp.ca,,905-835-6607,482 Steele Street,Port Colborne,ON ,L3K 6A7,eye
Port Optical Family Eyecare Centre,www.9058358688.yp.ca,,905-835-8688,83 Clarence Street West,Port Colborne,ON ,L3K 3G2,eye
Chan Mary & Associates Dr,www.9058361085.yp.ca,,905-836-1085,16635 Yonge Street,Newmarket,ON ,L3X 1V6,eye
Eyephoria Optique Inc,www.9058362277.yp.ca,,905-836-2277,16655 Yonge Street,Newmarket,ON ,L3X 1V6,eye
Mah Adrian J Dr,www.9058370790.yp.ca,,905-837-0790,Pickering Town Centre,Pickering,ON ,L1V 1B8,eye
Pickering Optical,www.9058399244.yp.ca,,905-839-9244,9-1360 Kingston Road,Pickering,ON ,L1V 3B4,eye
Warren's Esthetics & Aromatherapy Centre,www.9058405379.yp.ca,,905-840-5379,164 Sandalwood Parkway East,Brampton,ON ,L6Z 3S4,eye
Eyecare Optical,www.9058412273.yp.ca,,905-841-2273,91 First Commerce Drive,Aurora,ON ,L4G 0G2,eye
Eyerocket Design,www.9058422232.yp.ca,,905-842-2232,305 Lakeshore Road East,Oakville,ON ,L6J 1J3,eye
Mungar J C Doctor,www.9058423411.yp.ca,,905-842-3411,135 Lakeshore Road West,Oakville,ON ,L6K 1E5,eye
Sanger Contact Lens Centre,www.sangercontactlens.com,,905-845-4446,2330 Lakeshore Road West,Oakville,ON ,L6L 1H3,eye
Glazier Opticians,www.glazieropticians.com,,905-845-7007,1011 Upper Middle Road East,Oakville,ON ,L6H 4L2,eye
Eyes In Focus Optical,www.9058460084.yp.ca,,905-846-0084,10061 McLaughlin Road,Brampton,ON ,L7A 2X5,eye
Gies Gavin Dr & Associates,www.9058465313.yp.ca,,905-846-5313,Heart Lake Medical Centre,Brampton,ON ,L6T 3S1,eye
Optimax Eyewear Inc,www.optimax-eyewear.com,,905-846-6103,55 Regan Road,Brampton,ON ,L7A 1B2,eye
Abbey Eye Care,www.abbeyeyecare.ca,,905-847-3937,2501 Third Line,Oakville,ON ,L6M 5A9,eye
Queensway Optometric Centre,www.9058482020.yp.ca,,905-848-2020,101 Queensway West,Mississauga,ON ,L5B 2P7,eye
Planet Optical,www.9058482050.yp.ca,,905-848-2050,2579 Hurontario Street,Mississauga,ON ,L5A 2G4,eye
You & Eye Optical,www.9058488838.yp.ca,,905-848-8838,2500 Hurontario Street,Mississauga,ON ,L5B 1N4,eye
TLC Laser Eye Centers,www.9058489100.yp.ca,,905-848-9100,50 Burnhamthorpe Rd W Missassauga,Cooksville,ON,,eye
Next Optical,www.next-optical.ca,,905-849-7222,388 Speers Road,Oakville,ON ,L6K 2G2,eye
Oakville Place Eyecare,www.9058498897.yp.ca,,905-849-8897,240 Leighland Avenue,Oakville,ON ,L6H 3H6,eye
Falcomer Rudy Anselmo Dr,www.9058502000.yp.ca,,905-850-2000,8333 Weston Road,Woodbridge,ON ,L4L 8E2,eye
One Stop Optical,www.9058522280.yp.ca,,905-852-2280,24 Brock Street West,Uxbridge,ON ,L9P 1P3,eye
Sheridan Eye Exam Clinic,www.9058558446.yp.ca,,905-855-8446,2225 Erin Mills Parkway,Mississauga,ON ,L5K 1T9,eye
Eye On You Video Productions Limited,www.9058568126.yp.ca,,905-856-8126,93 Woodstream Boulevard,Woodbridge,ON ,L4L 7Y7,eye
Nicol C G Dr,www.boltoneyecare.com,,905-857-2773,23 King Street West,Bolton,ON ,L7E 1C7,eye
Lenz And Trenz,www.9058620033.yp.ca,,905-862-0033,307 Toronto S,Uxbridge,ON ,L9P 1S9,eye
Apryl's Oasis,www.9058644740.yp.ca,,905-864-4740,500 Steeles Avenue East,Milton,ON ,L9T 3P7,eye
Next Optical,www.next-optical.ca,,905-864-8355,1040 Kennedy Circle,Milton,ON ,L9T 0J9,eye
Giddens Ben J Dr,www.9058731861.yp.ca,,905-873-1861,371 Mountainview S,Georgetown,ON ,L7G 4W4,eye
Foley W Bruce Dr,www.9058732077.yp.ca,,905-873-2077,83 Mill Street,Georgetown,ON ,L7G 5E9,eye
Family Optical,www.9058733050.yp.ca,,905-873-3050,280 Guelph Street,Georgetown,ON ,L7G 4B1,eye
Panchal Rajesh Dr,www.9058751200.yp.ca,,905-875-1200,400 Bronte Street South,Milton,ON ,L9T 0H7,eye
Loblaw Superstore Eyewear,www.9058759856.yp.ca,,905-875-9856,820 Main Street East,Milton,ON ,L9T 0J4,eye
Eye Cue Design,www.9058779828.yp.ca,,905-877-9828,515 Main Street,Georgetown,ON ,L7G 3S9,eye
Dala Optical,www.9058780553.yp.ca,,905-878-0553,88 Main Street East,Milton,ON ,L9T 1N3,eye
Elsley Optical,www.9058788944.yp.ca,,905-878-8944,Milton Mall,Milton,ON ,L9T 2M3,eye
Eye Spy Health & Wellness,www.9058801221.yp.ca,,905-880-1221,18270 Humber Station Road,Caledon East,ON ,L7E 0Z4,eye
Eyeglass Factory The,www.theeyeglassfactory.com,,905-881-1277,104 Doncaster Avenue,Thornhill,ON ,L3T 1L3,eye
Eye Bright Optical,www.9058811828.yp.ca,,905-881-1828,328 Hwy 7 East,Richmond Hill,ON ,L4B 3P7,eye
Eye Style Opticians,www.9058825885.yp.ca,,905-882-5885,8910 Yonge Street,Richmond Hill,ON ,L4C 0L7,eye
Wong Carolyn Dr,www.9058833131.yp.ca,,905-883-3131,10909 Yonge Street,Richmond Hill,ON ,L4C 3E3,eye
Hawk Eye Electric Inc,www.hawkeyeelectric.ca,,905-883-3444,23-55 West Beaver Creek Road,Richmond Hill,ON ,L4B 1K5,eye
Woo Sharon Dr Optometrist,www.9058835617.yp.ca,,905-883-5617,250 Harding Boulevard West,Richmond Hill,ON ,L4C 9M7,eye
Eagle Eye Landscaping,www.9058846065.yp.ca,,905-884-6065,200 Whitmore Road,Woodbridge,ON ,L4L 7K4,eye
Brisson & Ghor & Schellenberg Drs,www.9058858922.yp.ca,,905-885-8922,286 Ridout Street,Port Hope,ON ,L1A 1P7,eye
Eyemax Optical Outlet,www.eyemaxoptical.com,,905-886-0363,35 West Pearce Street,Richmond Hill,ON ,L4B 3A9,eye
Di Nino Laura Dr,www.ldinino-optometrist.com,,905-888-6446,20 Bur Oak,Markham,ON ,L6C 0A2,eye
Thornhill Optometric Centre,www.9058891277.yp.ca,,905-889-1277,11 Disera Dr,Thornhill,ON ,L4J 0A7,eye
O Hair Salon And Spa,www.ohair.ca,,905-889-7724,8054 Yonge Street,Thornhill,ON ,L4J 1W3,eye
Outlook Eyewear Canada,www.9058901391.yp.ca,,905-890-1391,290 Brunel Road,Mississauga,ON ,L4Z 2C2,eye
Vista Eyewear,www.9058933922.yp.ca,,905-893-3922,5100 Rutherford,Kleinburg,ON ,L4H 2J2,eye
Third Eye Photography Company,www.thirdeyephoto.org,,905-894-4422,1437 Ridge Road North RR 2,Ridgeway,ON ,L0S 1N0,eye
Yorkview Optometric Clinic,www.9058958668.yp.ca,,905-895-8668,1100 Davis Drive,Newmarket,ON ,L3Y 8W8,eye
Chiu Mae MW Dr & Fong Kin L Dr,www.9058967770.yp.ca,,905-896-7770,Square One Shopping Centre,Mississauga,ON ,L5B 2C9,eye
Amar Optical,www.9058969200.yp.ca,,905-896-9200,2325 Hurontario Street,Mississauga,ON ,L5A 4C7,eye
Breen Kathleen Dr,www.9058971856.yp.ca,,905-897-1856,2554 Confederation Parkway,Mississauga,ON ,L5B 1S2,eye
Mississauga Vision Centre,www.9058972900.yp.ca,zoberi@on.aibn.com,905-897-2900,151 City Centre Drive,Mississauga,ON ,L5B 1M7,eye
Advanced Walk-In Multi Specialty Clinic,www.walkinwalkin.com,,905-897-9228,21 Queensway West,Mississauga,ON ,L5B 1B6,eye
Ho Karen Dr,www.9058981555.yp.ca,,905-898-1555,712 Davis Drive,Newmarket,ON ,L3Y 8C3,eye
Dr T W Chalaturnyk And Associates,www.9058982251.yp.ca,,905-898-2251,679 Davis Drive,Newmarket,ON ,L3Y 5G8,eye
Benson Kearley & Assc Insurance Brokers Ltd,www.bensonkearley.com,,905-898-3815,17705 Leslie Street,Newmarket,ON ,L3Y 3E3,eye
Jozwik Len Dr,www.9058985245.yp.ca,,905-898-5245,Upper Canada Mall,Newmarket,ON ,L3Y 4Z1,eye
Devine Eyewear,www.9059279600.yp.ca,,905-927-9600,9255 Woodbine,Markham,ON ,L3R 0K1,eye
Speedpro Colour Imaging Center,www.9059372022.yp.ca,,905-937-2022,389 Ontario Street,St Catharines,ON ,L2R 5L3,eye
Starlette Eyewear,www.9059405809.yp.ca,,905-940-5809,401 Alden Road,Markham,ON ,L3R 4N4,eye
Words At Work Advertising,www.9059406610.yp.ca,,905-940-6610,19 Lockridge Avenue,Markham,ON ,L3R 7S6,eye
Winer Earl Dr,www.9059409988.yp.ca,,905-940-9988,8601 Warden Avenue,Markham,ON ,L3R 0B5,eye
Spexx Total Eye Care,www.9059437739.yp.ca,,905-943-7739,5000 Hwy 7,Markham,ON ,L3R 4M9,eye
Agate James C Dr,www.9059454823.yp.ca,,905-945-4823,87 Main Street East,Grimsby,ON ,L3M 1N6,eye
Grace Family Eye Care,www.9059470642.yp.ca,,905-947-0642,4300 Steeles Avenue East,Markham,ON ,L3R 0Y5,eye
Dr Alex Mah,www.9059480050.yp.ca,,905-948-0050,18 Crown Steel Drive,Markham,ON ,L3R 9X8,eye
Bettio & Malchuk Drs,www.9059513081.yp.ca,,905-951-3081,308 Queen Street South,Bolton,ON ,L7E 4Z9,eye
Lifestyles Wellness Spa & Fitness Center,www.lifestylesspafitness.com,,905-953-8088,1180 Stellar Drive,Newmarket,ON ,L3Y 7B9,eye
Merritt Cynthia Dr,www.9059573309.yp.ca,,905-957-3309,108 Griffin S,Smithville,ON ,L0R 2A0,eye
Cmax Optical Inc,www.9059709444.yp.ca,,905-970-9444,10906 Hurontario Street,Brampton,ON ,L7A 3R9,eye
Mortgage Shopper The,www.mortgageshopper.ca,,905-984-8813,44 Carlisle Street,St Catharines,ON ,L2R 4H4,eye
North Durham Eye Clinic,www.9059851361.yp.ca,,905-985-1361,189 North Street,Port Perry,ON ,L9L 1B7,eye
Hadden Brian Dr & Associates,www.9059859385.yp.ca,,905-985-9385,28B Water Street,Port Perry,ON ,L9L 1J1,eye
Port Perry Optical,www.9059859388.yp.ca,,905-985-9388,30 Water Street,Port Perry,ON ,L9L 1J1,eye
Lee Karl Dr - Optometrist,www.9059874251.yp.ca,,905-987-4251,85 King W,Newcastle,ON ,L1B 1L2,eye
