"1-2-1 Therapy Medical Laser Treatment & Esthetic Clinic","506-457-4789","Fredericton Medical Clinic , Fredericton , NB E3B 6H5","www.5064574789.yp.ca",,clinic
"A A Dental Clinic","506-634-7212","126 Duke Street , Saint John , NB E2L 1N6","www.5066347212.yp.ca",,clinic
"Acadie Optometry Clinic/Clinique d'optométrie Acadie","506-533-8811","4 Allee Vision , Shediac , NB E4P 0B4","www.5065338811.yp.ca",,clinic
"Active Physiotherapy Clinic","506-652-4711","33 Beaverbrook Avenue , Saint John , NB E2K 2W2","www.5066524711.yp.ca",,clinic
"Active Therapy Clinic","506-454-5433","161 Northumberland Street , Fredericton , NB E3B 3J2","www.activetherapyclinic.com",,clinic
"Active Therapy Clinic","506-389-9152","298 Mill Road , Moncton , NB E1A 4B1","www.5063899152.yp.ca",,clinic
"Acupuncture & Chinese Medicine Clinic","506-382-1288","1269 Mountain Road , Moncton , NB E1C 2T9","www.5063821288.yp.ca",,clinic
"Acupuncture Clinic","506-753-4421","91 Roseberry Street , Campbellton , NB E3N 2G6","www.5067534421.yp.ca",,clinic
"Acupuncture Clinic-Dr Lisa Yang MD-CCFP-CAFCI","506-648-0606","243 Loch Lomond Road , Saint John , NB E2J 1Y6","www.5066480606.yp.ca",,clinic
"Adent Clinic","1-800-406-1188","","www.8004061188.yp.ca",,clinic
"Adica Massage Clinic","506-455-1050","155 Smythe Street , Fredericton , NB E3B 3C7","www.5064551050.yp.ca",,clinic
"Adult Asthma Clinic","506-672-3504","110 Crown Street , Saint John , NB E2L 2X7","www.5066723504.yp.ca",,clinic
"Advanced Laser Esthetics Clinic Inc","506-553-6300","245 Cote Mill Road , Dsl De Drummond , NB E3Y 1N6","www.5065536300.yp.ca",,clinic
"Advanced Therapeutic Treatment Center","506-454-3773","1015 Regent Street , Fredericton , NB E3B 6H5","www.5064543773.yp.ca",,clinic
"After Hours Causeway Medical Clinic","506-384-8400","438 Coverdale Road , Riverview , NB E1B 4R9","www.5063848400.yp.ca",,clinic
"After Hours Medical Clinic (Moncton North)-Lounsbury Ctr","506-854-2273","1633 Mountain Road , Moncton , NB E1G 1A5","www.5068542273.yp.ca",,clinic
"After Hours Medical Clinic (Mountain Rd)","506-388-9355","1789 Mountain Road , Moncton , NB E1G 5C4","www.5063889355.yp.ca",,clinic
"Allaby Chiropractic Clinics","506-454-2225","763 Regent Street , Fredericton , NB E3B 3Y5","www.5064542225.yp.ca",,clinic
"Allaby Chiropractic Clinics","506-357-2225","255 Restigouche Road , Oromocto , NB E2V 2H1","www.5063572225.yp.ca",,clinic
"Alliance Vision Clinic","506-388-2211","340 Mountain Road , Moncton , NB E1C 2M6","www.5063882211.yp.ca",,clinic
"Alliance Vision Clinic","506-388-2277","211 Champlain Dieppe , Moncton , NB ","www.5063882277.yp.ca",,clinic
"Alliance Vision Clinic/A Division Of Fyi Eye Doctors","506-388-2211","340 Mountain Road , Moncton , NB E1C 2M6","www.5063882211.yp.ca",,clinic
"Alliance Vision Clinic/A Division Of Fyi Eye Doctors","506-756-1992","41 Main Street , Petitcodiac , NB E4Z 4L9","www.5067561992.yp.ca",,clinic
"Alliance Vision Clinic/A Division Of Fyi Eye Doctors","506-388-2277","211 Champlain Dieppe , Moncton , NB ","www.5063882277.yp.ca",,clinic
"Alliance Vision Clinic / Clinique De Vision Alliance","506-388-2211","340 Mountain Road , Moncton , NB E1C 2M6","www.5063882211.yp.ca",,clinic
"Amicus Chiropractic Centre","506-523-7243","100 Main , Rexton , NB E0A 2M0","www.5065237243.yp.ca",,clinic
"Anew Start Allergy Clinic","506-472-3010","245 Main Street , Fredericton , NB E3A 1E1","www.5064723010.yp.ca",,clinic
"Angel's Nutri-Clinic","506-576-0714","4713 Route 134 , Cocagne , NB E4R 2Y1","www.5065760714.yp.ca",,clinic
"Anik Theriault RMT","506-476-6479","New Maryland , Fredericton , NB ","www.5064766479.yp.ca",,clinic
"Anti-Aging Medical Clinic Of Vancouver","1-877-422-4464","","www.8774224464.yp.ca",,clinic
"Johnson Stephen Dr B Sc DP","506-632-9422","152 Somerset Street , Saint John , NB E2K 2X6","www.5066329422.yp.ca",,clinic
"Johnson Stephen Dr B Sc DP","506-832-4282","NB ","www.5068324282.yp.ca",,clinic
"Kamm Lab Medical Laboratory Services","506-743-6655","190 Rue Acadie , Bouctouche , NB E4S 2T5","www.5067436655.yp.ca",,clinic
"Kamm Lab Medical Laboratory Services","506-383-5070","667 Rue Champlain , Dieppe , NB E1A 1P6","www.5063835070.yp.ca",,clinic
"Keays-Thompson-Haley Physiotherapy","506-858-8644","333 St George , Moncton , NB E1C 1W8","www.5068588644.yp.ca",,clinic
"Kennebecasis Denture Clinic","506-832-3803","599 Main Street , Hampton , NB E5N 6C2","www.5068323803.yp.ca",,clinic
"Kennebecasis Valley Health Services","506-848-4610","175 Hampton Rd NB E2E 4V7","www.5068484610.yp.ca",,clinic
"Keswick Vet Clinic","506-363-3073","Crocks Pt Rd , Mouth Of Keswick , NB E0H 1N0","www.5063633073.yp.ca",,clinic
"Keystone Physiotherapy-See Keays-Thompson-Haley Physiotherapy","","NB ",,,clinic
"Kinesi - Health Clinic","506-855-6427","211 Rue Champlain , Dieppe , NB E1A 1N9","www.5068556427.yp.ca",,clinic
"Kingswood Massage Therapy Clinic","506-462-9012","31 Kingswood Pk , Fredericton , NB E3E 4R5","www.frederictonmassage.com",,clinic
"Kobaisy Dental Clinic","1-866-535-2887","","www.8665352887.yp.ca",,clinic
"Kootenay Hearing Aid & Audiology Clinic","1-800-667-3775","","www.8006673775.yp.ca",,clinic
"Kootenay Hearing Aid & Audiology Clinic","1-888-467-4496","","www.8884674496.yp.ca",,clinic
"Koster Denture Clinic","1-800-458-6933","","www.8004586933.yp.ca",,clinic
"Krinis Nicolas Physiotherapist","506-684-2044","Darlington Mall , Dalhousie , NB E0K 1B0","www.5066842044.yp.ca",,clinic
"KV Dental","506-847-9836","53 Clark Rd , Rothesay , NB ","www.5068479836.yp.ca",,clinic
"KV Medical Clinic","506-849-2273","140 Old Hampton Rd , Rothesay , NB ","www.5068492273.yp.ca",,clinic
"Landing Clinic","506-849-3937","2C Landing Court , Quispamsis , NB E2E 4R2","www.5068493937.yp.ca",,clinic
"Laserium Cos-Medic Laser Hair Removal Clinic Inc","1-866-415-2737","","www.8664152737.yp.ca",,clinic
"LASIK MD","1-866-366-2020","","www.lasikmd.com",,clinic
"LASIK MD","1-866-366-2020","","www.lasikmd.com",,clinic
"LCI Lasercom Clinics International","1-800-217-6789","","www.8002176789.yp.ca",,clinic
"LCI Lasercom Clinics International","1-877-467-6668","","www.8774676668.yp.ca",,clinic
"Le Bon Sang","506-743-7373","101 Rue Evangeline , Bouctouche , NB E4S 5L4","www.5067437373.yp.ca",,clinic
"Leger Denture Clinic","506-546-4486","958 Rue Principale , Beresford , NB E8K 2H6","www.5065464486.yp.ca",,clinic
"Levi Physiotherapy & Wellness Clinic Inc","506-523-6994","9086 Rte 116 , Elsipogtog , NB E0A 2L0","www.5065236994.yp.ca",,clinic
"Loftus Auto Clinic Inc","506-857-2042","145 Loftus , Moncton , NB E1E 1J2","www.5068572042.yp.ca",,clinic
"Loftus Auto Clinic & Towing","506-857-2042","145 Loftus , Moncton , NB E1E 1J2","www.5068572042.yp.ca",,clinic
"Luftek Natural Hair Clinics","1-888-696-4247","","www.8886964247.yp.ca",,clinic
"MacLeod Physiotherapy","506-857-2155","NB ","www.5068572155.yp.ca",,clinic
"MacLeod Physiotherapy","506-857-2144","S122-85 Foundry Street , Moncton , NB E1C 5H7","www.5068572144.yp.ca",,clinic
"MacPherson's Orthotic Clinic","506-855-1514","824 Mountain Road , Moncton , NB E1C 2R8","www.5068551514.yp.ca",,clinic
"Main St Family Medical Clinic","506-854-8805","165 Main Street , Moncton , NB E1C 1B8","www.5068548805.yp.ca",,clinic
"Maria's Well Being Clinic","506-459-4788","924 Prospect , Fredericton , NB E3B 2T9","www.5064594788.yp.ca",,clinic
"Maritime Allergy Clinic","506-857-9277","115 Pacific Avenue , Moncton , NB E1E 2G2","www.5068579277.yp.ca",,clinic
"Maritime Denture Clinic","506-634-8311","84 Lansdowne Avenue , Saint John , NB E2K 2Z8","www.5066348311.yp.ca",,clinic
"Maritime Occupational Medical Services","506-854-8805","165 Main Street , Moncton , NB E1C 1B8","www.5068548805.yp.ca",,clinic
"Maritimes Research Center","506-546-4343","515 Youghall Drive , Bathurst , NB E2A 4X7","www.5065464343.yp.ca",,clinic
"Maritime Therapy Clinic","506-357-8809","13 Maple , Oromocto , NB E2V 1J4","www.5063578809.yp.ca",,clinic
"Martin Salkey RMT","506-693-0722","28 King Street , Saint John , NB E2L 1G3","www.5066930722.yp.ca",,clinic
"Mayfield Veterinary Clinic","506-466-2543","1 Happy Valley Road , Dufferin Charlotte Co , NB E3L 2Y9","www.5064662543.yp.ca",,clinic
"Mayfield Veterinary Clinic","506-465-8901","NB ","www.5064658901.yp.ca",,clinic
"Mayo Clinic","1-888-441-2133","","www.8884412133.yp.ca",,clinic
"Mbangi Faustin Dr Corporation Professionnel","506-393-8100","2-3543 Rue Principale , Tracadie-Sheila , NB E1X 1C9","www.5063938100.yp.ca",,clinic
"McCain Catherine RD BSC MBA","506-457-2722","440 King , Fredericton , NB E3B 5H8","www.5064572722.yp.ca",,clinic
"McCormack Denture Clinic","506-622-1066","185 Jane Street , Miramichi , NB E1V 2T2","www.5066221066.yp.ca",,clinic
"McGraw Shoes & Orthotics","1-800-561-3001","Suite 6 635 Water ","www.8005613001.yp.ca",,clinic
"McKnight Marie M Dr","506-466-1115","Saint John , St. Stephen , NB ","www.5064661115.yp.ca",,clinic
"Medical Clinics - East Central Health","1-888-608-1516","","www.8886081516.yp.ca",,clinic
"Meilun Denture Clinic","1-888-374-1169","","www.8883741169.yp.ca",,clinic
"MENTAL HEALTH CENTER","506-523-7620","Kent NB ","www.5065237620.yp.ca",,clinic
"Metro Health Services Inc","506-648-6150","Saint John Regional Hospital Level 0 , Saint John , NB E2K 4K3","www.5066486150.yp.ca",,clinic
"Millidge Place Dental Clinic","506-634-0221","709 Millidge Avenue , Saint John , NB E2K 2N7","www.millidgeplacedentalclinic.ca",,clinic
"Millidge Place Dental Clinic","506-634-0221","709 Millidge Avenue , Saint John , NB E2K 2N7","www.millidgeplacedentalclinic.ca",,clinic
"Milltown Denture Clinic","506-466-1446","29 Pleasant Street , St Stephen , NB E3L 1A3","www.5064661446.yp.ca",,clinic
"Minto Dental Clinic","506-327-3980","446 Pleasant Drive , Minto , NB E4B 2T3","www.5063273980.yp.ca",,clinic
"Minto Optometry Clinic","506-327-6345","253 Logue Road , Minto , NB E4B 3X4","www.5063276345.yp.ca",,clinic
"Miramichi After Hours Clinic","506-778-9942","4 Johnson Avenue , Miramichi , NB E1N 3B7","www.5067789942.yp.ca",,clinic
"Miramichi Dental Clinic","506-622-4844","461 Old King George Highway , Miramichi , NB E1V 1J6","www.5066224844.yp.ca",,clinic
"Miramichi Zone Health Services","506-623-3000","NB ","www.5066233000.yp.ca",,clinic
"Moncton Animal Clinic","506-857-4271","771 Mountain Road , Moncton , NB E1C 2R3","www.5068574271.yp.ca",,clinic
"Moncton Denture Clinic","506-858-9914","203 Mountain Road , Moncton , NB E1C 2L5","www.5068589914.yp.ca",,clinic
"Moncton Medical Clinic Blood Collections Lab","506-853-5175","860 Mountain Road , Moncton , NB E1C 2N7","www.5068535175.yp.ca",,clinic
"Morgentaler Clinic","506-451-9060","554 Brunswick Street , Fredericton , NB E3B 1H5","www.morgentaler.ca",,clinic
"Muscles At Ease","506-458-1468","NB ","www.5064581468.yp.ca",,clinic
"Muscle-Tek Massage Therapy Clinic","506-472-7414","S111-640 Prospect , Fredericton , NB E3B 6B8","www.5064727414.yp.ca",,clinic
"Muscle Works Performance Clinic","506-324-5678","Carleton Civic Centre NB E7M 1M5","www.5063245678.yp.ca",,clinic
"Myoflex Massage & Hydrotherapy Clinic","506-450-9272","924 Prospect , Fredericton , NB E3B 6Z9","www.5064509272.yp.ca",,clinic
"Myo Massage Clinic","506-471-4267","495 Prospect , Fredericton , NB E3B 9M4","www.5064714267.yp.ca",,clinic
"Myo Rehabilitation Clinic","506-633-7717","","www.5066337717.yp.ca",,clinic
"Nadair's Auto Clinic","506-433-8507","63 Park Street , Sussex , NB E4E 1T6","www.5064338507.yp.ca",,clinic
"Natural Wellness Clinic","1-800-398-4883","","www.8003984883.yp.ca",,clinic
"Neguac Health Centre","506-776-3876","Neguac , Neguac , NB E0C 1S0","www.5067763876.yp.ca",,clinic
"Northside Dental Clinic Ltd","506-458-8953","169 Main Street , Fredericton , NB E3A 1C6","www.5064588953.yp.ca",,clinic
"Northside Massage Therapy Clinic","506-458-9829","318 Maple Street , Fredericton , NB E3A 3R4","www.5064589829.yp.ca",,clinic
"Northside Physiotherapy Clinic","506-457-9296","197 Main Street , Fredericton , NB E3A 1E1","www.5064579296.yp.ca",,clinic
"Nutrition Clinic","506-532-5862","334 Main , Shediac , NB E0A 3G0","www.5065325862.yp.ca",,clinic
"O & M Denture Clinic Ltd","506-853-0117","309 Mill Road , Moncton , NB E1A 4B2","www.5068530117.yp.ca",,clinic
"O & M Denture Clinic Ltd","506-853-7269","NB ","www.5068537269.yp.ca",,clinic
"Optimum Wellness Chiropractic Clinic","506-382-4476","298 Mill Road , Moncton , NB E1A 4B1","www.5063824476.yp.ca",,clinic
"Optometrists Clinic Inc","1-800-661-9976","","www.8006619976.yp.ca",,clinic
"Oromocto Massage Therapy Clinic","506-446-9436","195 Restigouche Road , Oromocto , NB E2V 2H1","www.5064469436.yp.ca",,clinic
"Oromocto Therapeutic Treatment Clinic","506-446-9601","Canex Mall , Oromocto , NB E2V 2H1","www.5064469601.yp.ca",,clinic
"Oromocto Therapeutic Treatment Clinic","506-446-9602","NB ","www.5064469602.yp.ca",,clinic
"Ortho Solutions","506-855-4963","266 St George , Moncton , NB E1C 1W5","www.5068554963.yp.ca",,clinic
"Oyen Optometry Clinic","1-866-664-3300","","www.8666643300.yp.ca",,clinic
"Pabineau Indian Band","506-548-9211","Pabineau Indian Reserve , Bathurst , NB E2A 7M3","www.5065489211.yp.ca",,clinic
"Pap Test Clinic","506-384-8406","438 Coverdale Road , Riverview , NB E1B 4R9","www.5063848406.yp.ca",,clinic
"Pathway To Healing","506-470-0695","1015 Regent Street , Fredericton , NB E3B 6H5","www.5064700695.yp.ca",,clinic
"Paul's Auto Clinic","506-743-5094","Collette Village , Bouctouche , NB E0A 1G0","www.5067435094.yp.ca",,clinic
"Perfumes Plus Ltd","506-633-0074","One Brunswick Square , Saint John , NB E2L 4V1","www.5066330074.yp.ca",,clinic
"Perth Medical Clinic","506-273-3558","NB ","www.5062733558.yp.ca",,clinic
"Petitcodiac Health Center","506-756-3400","Petitcodiac , NB E0A 2H0","www.5067563400.yp.ca",,clinic
"Pettingill Dental Clinic","506-847-2813","29 Pettingill Road , Quispamsis , NB E2E 6B1","www.5068472813.yp.ca",,clinic
"Pharmasave Dieppe Pharmacie","506-384-6343","185 Avenue Acadie , Dieppe , NB E1A 1G6","www.5063846343.yp.ca",,clinic
"PhysioWorks-Susan Butler","506-778-9900","170 Wellington Street , Miramichi , NB E1N 1L9","www.5067789900.yp.ca",,clinic
"PhysioWorks-Susan Butler","506-778-9901","NB ","www.5067789901.yp.ca",,clinic
"Pleasant St After Hours Clinic","506-622-6562","250 Pleasant Street , Miramichi , NB E1V 1Y5","www.5066226562.yp.ca",,clinic
"Port City Physiotherapy Clinic","506-657-1117","14 McLaughlin Crescent , Saint John , NB E2J 2K2","www.5066571117.yp.ca",,clinic
"Port City Physiotherapy Clinic","506-657-3303","NB ","www.5066573303.yp.ca",,clinic
"Port Elgin Health Centre","506-538-2140","57 West Main , Port Elgin , NB E0A 2K0","www.5065382140.yp.ca",,clinic
"Power Play Sports & Hockey Clinics Inc","506-854-2272","1 Mountain Road , Moncton , NB E1C 2J7","www.5068542272.yp.ca",,clinic
"Precision Auto Clinic","506-859-1887","10 Halifax Street , Moncton , NB E1C 9P7","www.5068591887.yp.ca",,clinic
"Precision Auto Clinic","506-859-8118","NB ","www.5068598118.yp.ca",,clinic
"Professional Massage Clinic RMT","506-857-4263","29 Bingham Drive , Moncton , NB E1E 2M8","www.5068574263.yp.ca",,clinic
"Public Health Clinic","1-888-829-6444","","www.8888296444.yp.ca",,clinic
"Public Health Clinics","506-453-5200","NB ","www.5064535200.yp.ca",,clinic
"Rana Sleep Apnea Clinic","1-888-297-7889","","www.8882977889.yp.ca",,clinic
"Range Of Motion - Physiotherapy","506-459-2766","332 Brunswick Street , Fredericton , NB E3B 1H1","www.5064592766.yp.ca",,clinic
"Redwater Dental Clinic","1-888-373-2836","","www.8883732836.yp.ca",,clinic
"Regional Health Authority 4","506-739-2200","275 Boulevard Hebert , Edmundston , NB E3V 4E4","www.5067392200.yp.ca",,clinic
"Rexton Health Services Centre","506-523-7940","82 Main , Rexton , NB E4W 5N4","www.5065237940.yp.ca",,clinic
"Rexton Health Services Centre","506-523-7949","NB ","www.5065237949.yp.ca",,clinic
"RH Acupuncture Clinic","506-738-9165","192 River Valley Drive , Grand Bay-Westfield , NB E5K 1A4","www.5067389165.yp.ca",,clinic
"Richibucto Denture Clinic","506-523-4329","9470 Rue Main , Richibucto , NB E4W 4E4","www.5065234329.yp.ca",,clinic
"Richibucto Denture Clinic","506-523-9446","NB ","www.5065239446.yp.ca",,clinic
"River Valley Therapeutic Treatment Clinic","506-455-4506","96 Regent Street , Fredericton , NB E3B 3W4","www.5064554506.yp.ca",,clinic
"River Valley Veterinary Clinic","506-738-3306","441 Woolastook Dr , Grand Bay , NB E0G 1W0","www.5067383306.yp.ca",,clinic
"Riverview Acupuncture & Shiatsu Clinic","506-386-7997","108 1/2 St George , Moncton , NB E1C 1T8","www.5063867997.yp.ca",,clinic
"Riverview After Hours Clinic","506-387-7778","500 Coverdale Road , Riverview , NB E1B 3K2","www.5063877778.yp.ca",,clinic
"Riverview After Hours Medical Clinic","506-387-7778","500 Coverdale Road , Riverview , NB E1B 3K2","www.5063877778.yp.ca",,clinic
"Riverview Blood Clinic","506-383-4620","720 Coverdale Road , Riverview , NB E1B 3L8","www.5063834620.yp.ca",,clinic
"Riverview Chiropractic Clinic","506-386-3112","NB ","www.5063863112.yp.ca",,clinic
"Riverview Chiropractic Clinic","506-386-2225","47 Pine Glen Road , Riverview , NB E1B 1V3","www.5063862225.yp.ca",,clinic
"Riverview Physiotherapy Clinic","506-387-4828","720 Coverdale Road , Riverview , NB E1B 3L8","www.5063874828.yp.ca",,clinic
"Robichaud J E Denture Clinic","506-532-5546","304 Main , Shediac , NB E0A 3G0","www.5065325546.yp.ca",,clinic
"Rogersville Health Centre","506-775-2030","Rogersville , NB E4Y 1S6","www.5067752030.yp.ca",,clinic
"Ron's Auto Clinic","506-466-4118","18 Upper Waweig Rd , St. Stephen , NB ","www.5064664118.yp.ca",,clinic
"Rothesay Chiropractic Center","506-847-7263","2A Hampton Road , Rothesay , NB E2E 5K9","www.5068477263.yp.ca",,clinic
"Rothesay Laser Clinic","506-847-8302","Rothesay , NB E0G 2M0","www.5068478302.yp.ca",,clinic
"Rothesay / Quispamsis Denture Clinic","506-849-8383","157 Hampton Road , Rothesay , NB E2E 2R3","www.5068498383.yp.ca",,clinic
"Rowe Dental Clinic","506-458-9361","360 Saint Marys Street , Fredericton , NB E3A 2S4","www.5064589361.yp.ca",,clinic
"Royal Dental Laboratories Ltd","506-450-6086","169 Main Street , Fredericton , NB E3A 1C6","www.5064506086.yp.ca",,clinic
"Ryan's Denture Clinic","1-800-759-3351","","www.8007593351.yp.ca",,clinic
"Ryan's Denture Clinic","1-800-887-2458","","www.8008872458.yp.ca",,clinic
"Sackville Animal Clinic","506-536-1185","339 King Street , Sackville , NB E4L 3C3","www.5065361185.yp.ca",,clinic
"Saint John Animal Hospital","506-635-8100","1700 Manawagonish Road , Saint John , NB E2M 3Y5","www.5066358100.yp.ca",,clinic
"Saint John East Physiotherapy Clinic","506-633-9480","70 Crown Street , Saint John , NB E2L 2X6","www.5066339480.yp.ca",,clinic
"Saint John East Physiotherapy Clinic","506-633-9482","NB ","www.5066339482.yp.ca",,clinic
"Saint John Laser Clinic","506-633-0074","One Brunswick Square , Saint John , NB E2L 4V1","www.5066330074.yp.ca",,clinic
"Saint John Regional Hospital","506-648-6000","400 University Av , Saint John , NB E2L 3L6","www.5066486000.yp.ca",,clinic
"Saint John Sports Medicine Clinic","506-634-1415","Aquatic Center , Saint John , NB E2L 1A1","www.5066341415.yp.ca",,clinic
"Salisbury Veterinary Clinic","506-372-4431","3067 Main , Salisbury , NB E0A 2E0","www.5063724431.yp.ca",,clinic
"Salkey Martin","506-333-5866","28 King Street , Saint John , NB E2L 1G3","www.5063335866.yp.ca",,clinic
"Salvus Clinic","506-384-7283","182 High Street , Moncton , NB E1C 6B7","www.5063847283.yp.ca",,clinic
"Serene Physique","506-652-4325","475 Millidge Avenue , Saint John , NB E2K 2N3","www.5066524325.yp.ca",,clinic
"Sexual Health Centre","506-856-3310","81 Albert NB ","www.5068563310.yp.ca",,clinic
"Sexual Health Clinic","506-453-5200","NB ","www.5064535200.yp.ca",,clinic
"SEXUAL HEALTH SERVICES","336-3320","","www.3363320.yp.ca",,clinic
"SEXUAL HEALTH SERVICES","547-2062","","www.5472062.yp.ca",,clinic
"Shediac Dental Clinic","506-533-3900","51 Rue Ste-Anne , Shediac , NB E4P 2R4","www.5065333900.yp.ca",,clinic
"Shoe Tree","506-857-0221","55 Vaughan Harvey Boulevard , Moncton , NB E1C 0N3","www.theshoetree.nb.ca",,clinic
"Shuning XIE Clinic","506-444-9100","281 University Avenue , Fredericton , NB E3B 4H9","www.5064449100.yp.ca",,clinic
"Shuning Xie CMD Dr Ac RMT Clinic","506-444-9100","281 University Avenue , Fredericton , NB E3B 4H9","www.5064449100.yp.ca",,clinic
"Somba K'e Dental Clinic","1-866-898-2027","","www.8668982027.yp.ca",,clinic
"Sorel Guy Dr","506-773-5443","8 Nicol Avenue , Miramichi , NB E1N 2Z4","www.5067735443.yp.ca",,clinic
"Sound Hearing Clinic Inc","1-800-390-2322","","www.8003902322.yp.ca",,clinic
"Spectrum Vision Clinic","506-450-8636","550 Prospect Street , Fredericton , NB E3B 6G9","www.5064508636.yp.ca",,clinic
"Squamish Optometry Clinic","1-888-393-4897","","www.8883934897.yp.ca",,clinic
"Squamish Optometry Clinic","1-888-393-4897","","www.8883934897.yp.ca",,clinic
"Stacie Gallon RMT Therapeutic Massage Clinic","506-693-9217","210A Hilyard , Saint John , NB E2K 1J5","www.geocities.com",,clinic
"Stacie Gallon RMT Therapeutic Massage Clinic","506-693-9217","210A Hilyard , Saint John , NB E2K 1J5","www.geocities.com",,clinic
"Steeples Veterinary Clinic","1-800-234-4331","","www.8002344331.yp.ca",,clinic
"St George Dental Clinic","506-755-1123","74 Main Street , St George , NB E5C 3J5","www.5067551123.yp.ca",,clinic
"St George Street Blood Lab","506-855-7476","350 St George , Moncton , NB E1C 1X1","www.5068557476.yp.ca",,clinic
"St Mary's Medical Clinic","506-452-2760","440 Highland Avenue , Fredericton , NB E3A 5X1","www.5064522760.yp.ca",,clinic
"St Stephen Denture Clinic","506-465-8808","Charlotte Mall , St. Stephen , NB E2L 2E3","www.5064658808.yp.ca",,clinic
"Sussex Dental Clinic","506-433-6666","7-654 Main Street , Sussex , NB E4E 7H9","www.5064336666.yp.ca",,clinic
"Sussex Valley Physiotherapy P C","506-432-4989","654 Main Street , Sussex , NB E4E 7H9","www.5064324989.yp.ca",,clinic
"Themens M E Dr","506-684-4994","391 Miller Boulevard , Dalhousie , NB E8C 2A3","www.5066844994.yp.ca",,clinic
"The Pear Tree Naturopathic Clinic","506-857-1300","1067 Rue Champlain , Dieppe , NB E1A 1P9","www.5068571300.yp.ca",,clinic
"The Pear Tree Naturopathic Clinic","506-857-1300","Dieppe NB E4L 3N6","www.5068571300.yp.ca",,clinic
"Thera-Ped Foot And Ankle Clinic","506-382-3668","55 Vaughan Harvey Boulevard , Moncton , NB E1C 0N3","www.5063823668.yp.ca",,clinic
"Thera-Ped Ltd","1-800-663-3668","Saint John ","www.8006633668.yp.ca",,clinic
"Thera-Ped Ltd","506-632-9397","238 Metcalf Street , Saint John , NB E2K 1K6","www.theraped.com",,clinic
"The Reflexology Clinic Win Davies RCRT","506-622-1883","170 Wellington Street , Miramichi , NB E1N 1L9","www.5066221883.yp.ca",,clinic
"The Reflexology Clinic Win Davies RCRT","506-625-1301","NB ","www.5066251301.yp.ca",,clinic
"The Water Clinic","1-800-664-2561","","www.8006642561.yp.ca",,clinic
"Thordarson Health Homeopathic Clinic","1-888-584-3353","","www.8885843353.yp.ca",,clinic
"Tidewater Wellness & Rehabilitation Physiotherapy Clinic","506-387-7441","1551 Hillsborough Rd , Moncton , NB E1J 1G9","www.5063877441.yp.ca",,clinic
"Tobique Wellness Center","506-273-5430","278 Main , Maliseet , NB E7G 2E3","www.5062735430.yp.ca",,clinic
"Total Ability","506-652-5353","S302 156 Westmorland NB ","www.5066525353.yp.ca",,clinic
"Total Ability","506-652-5353","NB ","www.5066525353.yp.ca",,clinic
"Total Ability","506-650-5159","Saint John , Quispamsis , NB E2E 4T9","www.5066505159.yp.ca",,clinic
"Travel Clinic-Travel Medicine & Vaccination Centre","1-888-288-8682","","www.8882888682.yp.ca",,clinic
"Travel Clinic (VON) Moncton","506-857-9115","1077 St. George Boulevard , Moncton , NB E1E 4C9","www.5068579115.yp.ca",,clinic
"Travel Health Clinic Atlantic","506-642-6687","229 Millidge Avenue , Saint John , NB E2K 2M4","www.5066426687.yp.ca",,clinic
"Travel Health Clinic Atlantic","506-386-8747","438 Coverdale Road , Riverview , NB E1B 4R9","www.5063868747.yp.ca",,clinic
"Travel Health Clinic Atlantic","506-457-9499","1015 Regent Street , Fredericton , NB E3B 6H5","www.5064579499.yp.ca",,clinic
"Tru-Fit Denture Clinic","1-888-287-2323","","www.8882872323.yp.ca",,clinic
"Tsawwassen Dental Clinic","1-866-832-8589","","www.8668328589.yp.ca",,clinic
"U C Baby","1-877-682-2229","","www.8776822229.yp.ca",,clinic
"U C Baby","506-388-1106","NB ","www.ucbaby.ca",,clinic
"Valley Veterinary Hospitals Ltd","506-452-1117","2024 Lincoln Road , Fredericton , NB E3B 8M7","www.valleyvet.net",,clinic
"Vernon Hearing Aid & Audiology Clinic","1-800-405-3153","","www.8004053153.yp.ca",,clinic
"Victorian Order Of Nurses","506-635-1530","NB ","www.5066351530.yp.ca",,clinic
"Villa Providence Shediac Inc","506-532-8392","403 Main Street , Shediac , NB E4P 2B9","www.5065328392.yp.ca",,clinic
"Virtual Expert Clinics Inc","506-462-0991","501-500 Beaverbrook Court , Fredericton , NB E3B 5X4","www.vecinc.com",,clinic
"VON Moncton","506-857-9115","1077 St. George Boulevard , Moncton , NB E1E 4C9","www.5068579115.yp.ca",,clinic
"VON Pre-Travel & Immunization","506-458-8365","435 Brookside Drive , Fredericton , NB E3A 8V4","www.5064588365.yp.ca",,clinic
"Wellness Clinic","506-452-9795","186 Lincoln Road , Fredericton , NB E3B 2A3","www.5064529795.yp.ca",,clinic
"Westmorland Eye Clinic","506-634-8211","307 Westmorland Road , Saint John , NB E2J 2G2","www.5066348211.yp.ca",,clinic
"Westside Medical Clinic","506-693-2273","1490 Manawagonish Road , Saint John , NB E2M 3Y4","www.5066932273.yp.ca",,clinic
"Wheeler Jody M Dr","506-328-6817","1-261 Connell Street , Woodstock , NB E7M 1L2","www.5063286817.yp.ca",,clinic
"Women's Clinic Of South King County","425-255-1856","311-4300 Talbot Rd S , Renton ","www.4252551856.yp.ca",,clinic
"Woodstock 1st Nations Health Ctr","506-325-3570","NB ","www.5063253570.yp.ca",,clinic
"Woodstock Veterinary Clinic Inc","506-328-8248","767 Main Street , Woodstock , NB E7M 2G2","www.5063288248.yp.ca",,clinic
"Yukon Denture Clinic","1-888-660-1839","","www.8886601839.yp.ca",,clinic
"Anti-Aging Medical & Laser Clinic","1-877-422-4464","","www.8774224464.yp.ca",,clinic
"Antipoverty Legal Clinic","506-632-0096","NB ","www.5066320096.yp.ca",,clinic
"Any Body Consulting & Physiotherapy","506-652-3121","115 Hazen Street , Saint John , NB E2L 3L3","www.5066523121.yp.ca",,clinic
"Apex Denture Clinic Ltd","506-632-0097","90 Lansdowne Avenue , Saint John , NB E2K 2Z8","www.apexdentureclinicsj.com",,clinic
"Apex Denture Clinic Ltd","506-632-0097","90 Lansdowne Avenue , Saint John , NB E2K 2Z8","www.apexdentureclinicsj.com",,clinic
"A Quality Health Massage Clinic","506-260-3893","785 St Mary's , Fredericton , NB E3B 1H2","www.5062603893.yp.ca",,clinic
"Argus Hearing Center","506-857-3223","408 Mountain Road , Moncton , NB E1C 2M9","www.argushearing.com",,clinic
"Arsenault Andrew Dr","506-450-9977","636 New Maryland Hwy , Fredericton , NB E3B 4X6","www.5064509977.yp.ca",,clinic
"Assure Care Pedorthics","506-386-2274","Suite 105 Riverview Medical Clinic , Moncton , NB E1B 4T9","www.assurecare.ca",,clinic
"Atlantic Chinese Acupuncture & Natural Medicine Clinic","506-458-2211","365 Brunswick Street , Fredericton , NB E3B 1H2","www.5064582211.yp.ca",,clinic
"Atlantic Chinese Acupuncture & Natural Medicine Clinic","506-466-1139","33 Wall Street , St Stephen , NB E3L 2L5","www.5064661139.yp.ca",,clinic
"Atlantic College of Therapeutic Massage","506-451-8188","440 King , Fredericton , NB E3B 5H8","www.actmonline.com",,clinic
"Atlantic Rehab Physiotherapy Clinic","506-642-5005","15 Main Street West , Saint John , NB E2M 3M9","www.5066425005.yp.ca",,clinic
"Atlantic Rehab Physiotherapy Clinic","506-642-5616","NB ","www.5066425616.yp.ca",,clinic
"Atlantic Sport Massage Clinic","506-389-9636","165 Gordon Street , Moncton , NB E1C 1N1","www.5063899636.yp.ca",,clinic
"Attention Disorder Clinic","506-472-2886","S211-403 Regent Street , Fredericton , NB E3B 3X6","www.5064722886.yp.ca",,clinic
"A Women's Choice Clinic","509-575-6422","106 East E Street , Yakima ","www.5095756422.yp.ca",,clinic
"Basque Eric Dr","506-393-5000","7496 Route 11 , Pointe Des Robichaud , NB E1X 1K9","www.5063935000.yp.ca",,clinic
"Bath Medical Clinic","506-278-3290","NB ","www.5062783290.yp.ca",,clinic
"Bath Medical Clinic","506-278-5200","NB ","www.5062785200.yp.ca",,clinic
"Bathurst Veterinary Clinic","506-548-4631","285 Allison Crescent , Bathurst , NB E2A 3B4","www.5065484631.yp.ca",,clinic
"Bay City Physiotherapy Clinic","506-633-0189","30 Prince Edward Street , Saint John , NB E2L 4M5","www.5066330189.yp.ca",,clinic
"Bay City Physiotherapy Clinic","506-632-3216","NB ","www.5066323216.yp.ca",,clinic
"Bayside Dental Clinic","506-657-5050","99 Bayside Drive , Saint John , NB E2J 1A1","www.5066575050.yp.ca",,clinic
"B C Assn Of Clinical Counsellors","1-800-909-6303","","www.8009096303.yp.ca",,clinic
"Beckman Coulter Canada Inc","1-800-463-7828","Mississauga ","www.8004637828.yp.ca",,clinic
"Beijing Traditional Chinese Medicine Clinic","506-455-6067","151 Brunswick Street , Fredericton , NB E3B 1G7","www.5064556067.yp.ca",,clinic
"Beltone Hearing Clinic","1-800-665-8044","","www.8006658044.yp.ca",,clinic
"Bennett Jo-Ann","506-433-3802","11-654 Main Street , Sussex , NB E4E 7H9","www.5064333802.yp.ca",,clinic
"B G Denture Clinic","1-800-667-1588","","www.8006671588.yp.ca",,clinic
"Blackville Health Center","506-843-2910","Blackville , NB E0C 1C0","www.5068432910.yp.ca",,clinic
"Blairlyn Auto Clinic","506-536-3611","157 Queens Road , Sackville , NB E4L 2B5","www.5065363611.yp.ca",,clinic
"Blairlyn Auto Clinic & Drag Chassis Setup","506-536-3611","157 Queens Road , Sackville , NB E4L 2B5","www.5065363611.yp.ca",,clinic
"Blood Collectors Inc","506-444-9111","Fredericton , NB ","www.5064449111.yp.ca",,clinic
"Bob Becott Denture Clinic","1-888-267-5600","","www.8882675600.yp.ca",,clinic
"Body In Health Therapeutic Clinic","506-461-5218","S205-259 Brunswick Street , Fredericton , NB E3B 1G8","www.5064615218.yp.ca",,clinic
"Body Renewal Therapeutic Massage Clinic","506-476-3285","110 Queen Street , Fredericton , NB E3B 1A5","www.5064763285.yp.ca",,clinic
"Bouctouche Denture Clinic","506-743-8877","123 Irving Boulevard , Bouctouche , NB E4S 3K2","www.5067438877.yp.ca",,clinic
"Brighton Acupuncture Clinic","506-375-4706","6441 Route 105 , Lower Brighton , NB E7P 3J5","www.5063754706.yp.ca",,clinic
"Brine's Furniture Clinic","506-532-1567","21 Darrowby Lane , Shediac Cape , NB E4P 3A9","www.5065321567.yp.ca",,clinic
"Britco Structures Ltd","1-800-527-4826","","www.britco.com",,clinic
"Brookside Dental Clinic","506-452-1985","Unit F 1050 Douglas av , Fredericton , NB E3B 4X8","www.5064521985.yp.ca",,clinic
"Brunswick Denture Clinic","506-433-5070","24 Park Street , Sussex , NB E4E 1T8","www.5064335070.yp.ca",,clinic
"Brunswick Square Dental Clinic","506-658-1550","3rd Level Brunswick Square , Saint John , NB E2L 4W3","www.5066581550.yp.ca",,clinic
"Burnt Church Wellness Centre","506-776-1244","610 Bayview Dr , Neguac , NB ","www.5067761244.yp.ca",,clinic
"Cambridge Narrows Medical Clinic","506-488-2240","Cambridge Narrows , Gagetown , NB E0E 1B0","www.5064882240.yp.ca",,clinic
"Cameron Street Clinic","506-858-0287","107 Cameron Street , Moncton , NB E1C 5Y7","www.5068580287.yp.ca",,clinic
"Campbell Drive Medical Clinic","506-847-5988","115 Campbell Drive , Rothesay , NB E2E 6E4","www.5068475988.yp.ca",,clinic
"Campobello Health Centre","506-752-4100","Campobello , Roosevelt Campobello , NB ","www.5067524100.yp.ca",,clinic
"Canadian Blood Services","506-648-5012","405 University Av , Saint John , NB ","www.5066485012.yp.ca",,clinic
"Canadian Blood Services","1-888-33-BLOOD","","www.8883325663.yp.ca",,clinic
"Canadian Blood Services","1-888-332-5663","","www.8883325663.yp.ca",,clinic
"Canadian Blood Services","1-888-332-5663","","www.8883325663.yp.ca",,clinic
"Canadian Blood Services","1-888-332-5663","","www.8883325663.yp.ca",,clinic
"Canadian Blood Services","1-888-236-6283","405 University Av No Charge-Dial ","www.8882366283.yp.ca",,clinic
"Canadian Golf Academy","1-888-698-4653","Charlottetown Pe ","www.8886984653.yp.ca",,clinic
"Canterbury Dental Clinic","506-634-7115","18 Canterbury Street , Saint John , NB E2L 2C4","www.5066347115.yp.ca",,clinic
"Capilia","1-866-922-7454","","www.capilia.ca",,clinic
"Carleton Dental Clinic","506-328-2710","316 Houlton Rd , Woodstock , NB E7M 5L2","www.5063282710.yp.ca",,clinic
"Carrefour Dentaire De Montreal","514-721-6006","1101 Belanger E , Montreal , QC ","www.5147216006.yp.ca",,clinic
"Carrier Sekani Family Services Mobile Diabetes Telemedicine Clinic","1-866-562-0291","","www.csfs.org",,clinic
"Caux Gilbert Denture Clinic Inc","506-548-5888","437 King Avenue , Bathurst , NB E2A 1P6","www.5065485888.yp.ca",,clinic
"CBI Health","1-800-463-2225","","www.cbi.ca",,clinic
"Cedar River Clinic","425-255-0471","4300 Talbot Rd S Renton WA USA ","www.4252550471.yp.ca",,clinic
"Cedar River Clinics-Renton","425-255-0471","4300 Talbot Rd S , Renton ","www.4252550471.yp.ca",,clinic
"Central Denture Clinic (1985) Ltd","506-642-4990","14 King Square South , Saint John , NB E2L 1E5","www.5066424990.yp.ca",,clinic
"Central Foot Clinic","1-866-947-6761","200-428 Portage Wpg ","www.8669476761.yp.ca",,clinic
"Centre Chiropratique Dieppe Chiropractic Center","506-389-9529","421 Avenue Acadie , Dieppe , NB E1A 1H4","www.5063899529.yp.ca",,clinic
"Centre De Sante Baie Ste Anne","506-228-2004","Baie-Sainte-Anne , Baie-Ste-Anne , NB E0C 1A0","www.5062282004.yp.ca",,clinic
"Centre de Santé Chaleur","506-542-2434","Pointe-Verte , Petit-Rocher , NB E0B 2E0","www.5065422434.yp.ca",,clinic
"Centre de santé de Campobello","506-752-4100","Campobello , Roosevelt Campobello , NB ","www.5067524100.yp.ca",,clinic
"Centre de santé de Fundy","506-456-4200","Blacks Harbour , NB E0G 1H0","www.5064564200.yp.ca",,clinic
"Centre de santé de Miscou","506-344-3434","NB ","www.5063443434.yp.ca",,clinic
"Centre de santé de Paquetville","506-764-2424","1096 Rue Du Parc , Paquetville , NB E8R 1J4","www.paquetville.com",,clinic
"Centre De Sante De Rogersville","506-775-2030","Rogersville , NB E4Y 1S6","www.5067752030.yp.ca",,clinic
"Centre De Sante De Rogersville","506-775-2025","NB ","www.5067752025.yp.ca",,clinic
"Centre de santé de Sainte-Anne","506-445-6200","NB ","www.5064456200.yp.ca",,clinic
"Centre de Santé Mentale","506-778-6107","1780 Water , Nelson-Miramichi , NB ","www.5067786107.yp.ca",,clinic
"Centre de Santé mentale","506-523-7620","Kent NB ","www.5065237620.yp.ca",,clinic
"Centre De Sante Neguac","506-776-3876","Neguac , Neguac , NB E0C 1S0","www.5067763876.yp.ca",,clinic
"Centre De Sante Sexuelle","506-856-3310","81 Albert NB ","www.5068563310.yp.ca",,clinic
"Centre de soins de santé Gibson","506-447-4444","231 Canada Street , Fredericton , NB E3A 4A1","www.5064474444.yp.ca",,clinic
"Centre Médical Communautaire","506-474-4611","715 Priestman Street , Fredericton , NB E3B 5W7","www.5064744611.yp.ca",,clinic
"Centre Medical Regional de Shediac","506-533-2700","419 Main Street , Shediac , NB E4P 2B8","www.5065332700.yp.ca",,clinic
"CGM Denture Clinic","506-458-1590","245 Main Street , Fredericton , NB E3A 1E1","www.5064581590.yp.ca",,clinic
"Champlain Dental Clinic","506-857-0888","Place Champlain Place , Moncton , NB E1A 4X5","www.5068570888.yp.ca",,clinic
"Champlain Physiotherapy Clinic","506-857-4763","140 Rue Champlain , Dieppe , NB E1A 1N8","www.5068574763.yp.ca",,clinic
"Champlain Physiotherapy Clinic","506-857-4760","NB ","www.5068574760.yp.ca",,clinic
"Chaussures Orthèses McGraw","1-800-561-3001","10 rue du Village ","www.8005613001.yp.ca",,clinic
"Chaussures Orthèses McGraw","506-546-9520","Super Mall , Bathurst , NB E2A 2Z9","www.5065469520.yp.ca",,clinic
"Chaussures Orthèses McGraw","506-395-2280","Tracadie , NB E0C 2B0","www.5063952280.yp.ca",,clinic
"Checker Cab","506-450-8294","1077 Riverside Drive , Fredericton , NB E3A 8P9","www.5064508294.yp.ca",,clinic
"Chedore L Denture Clinic","506-357-3111","1285 Onondaga Street , Oromocto , NB E2V 2P8","www.5063573111.yp.ca",,clinic
"Chiasson Chantal Dr Dermatologist (e)","1-877-533-2828","Shediac ","www.8775332828.yp.ca",,clinic
"Chiasson Chantal Dr Dermatologist (e)","506-533-2828","79 Rue Sackville , Shediac , NB E4P 2R1","www.5065332828.yp.ca",,clinic
"Chiasson Chantal Dr Dermatologist (e)","1-877-533-2828","Shediac ","www.8775332828.yp.ca",,clinic
"Chinese Acupuncture & Herb Clinic","506-652-9729","289 Westmorland Road , Saint John , NB E2J 2G2","www.5066529729.yp.ca",,clinic
"Citadel Eyewear","506-855-1199","16 Church Street , Moncton , NB E1C 4Y9","www.5068551199.yp.ca",,clinic
"Clinical Massage Group","506-382-3657","4 St George , Moncton , NB E1C 9E6","www.5063823657.yp.ca",,clinic
"Clinic D Brune Clavette D AC RMT","506-450-6144","34 Talmadge Court , Fredericton , NB E3B 6G4","www.5064506144.yp.ca",,clinic
"Clinic D Brune D AC RMT","506-450-6144","34 Talmadge Court , Fredericton , NB E3B 6G4","www.5064506144.yp.ca",,clinic
"Clinic Gibson Health Clinic","506-447-4444","231 Canada Street , Fredericton , NB E3A 4A1","www.5064474444.yp.ca",,clinic
"Clinic Massothérapie-Kinésithérapie Pierrette Chiasson","506-344-7751","6261 Route 313 , Petite-Lameque , NB E8T 2P4","www.5063447751.yp.ca",,clinic
"Clinique Aprés Heures St-Peter After Hours Clinic","506-546-0730","1047 St Peter Avenue , Bathurst , NB E2A 2Z6","www.5065460730.yp.ca",,clinic
"Clinique Chiropratique Robichaud - Levesque Chiropractic Clinic","506-857-0095","5 Flanders Court , Moncton , NB E1C 0K6","www.5068570095.yp.ca",,clinic
"Clinique CHIROTECH LASER Clinic","506-857-0095","5 Flanders Court , Moncton , NB E1C 0K6","www.5068570095.yp.ca",,clinic
"Clinique de Fertilité Conceptia Fertility Clinic","1-866-381-2229","Moncton ","www.8663812229.yp.ca",,clinic
"Clinique de Fertilité Conceptia Fertility Clinic","506-862-4217","35 Providence NB ","www.5068624217.yp.ca",,clinic
"Clinique de Fertilite Conceptia Fertility Clinic","1-866-381-2229","Moncton ","www.8663812229.yp.ca",,clinic
"Clinique de médiation familiales pcl","506-739-5550","52 Rue De L'Eglise , Edmundston , NB E3V 1J5","www.5067395550.yp.ca",,clinic
"Clinique Dentaire de City Centre Dental Clinic","506-753-3339","Centre Ville , Campbellton , NB E3N 3L4","www.5067533339.yp.ca",,clinic
"Clinique Dentaire de City Centre Dental Clinic","506-753-3339","NB ","www.5067533339.yp.ca",,clinic
"Clinique Dentaire de City Centre Dental Clinic","506-753-3339","NB ","www.5067533339.yp.ca",,clinic
"Clinique Dentaire de City Centre Dental Clinic","506-753-3339","NB ","www.5067533339.yp.ca",,clinic
"Clinique Dentaire de City Centre Dental Clinic","506-753-3339","NB ","www.5067533339.yp.ca",,clinic
"Clinique Dentaire de City Centre Dental Clinic","506-753-3339","NB ","www.5067533339.yp.ca",,clinic
"Clinique Dentaire Dieppe Dental Clinic","506-859-6044","114 Rue Champlain , Dieppe , NB E1A 1N7","www.5068596044.yp.ca",,clinic
"Clinique de Phlébotomie Jémy Blood Clinic","506-532-8392","334 Main Street , Shediac , NB E4P 2E5","www.5065328392.yp.ca",,clinic
"Clinique De Physiothérapie D'Edmundston","506-739-7103","455 rue Victoria , Edmundston , NB E3V 2K7","www.5067397103.yp.ca",,clinic
"Clinique De Psychologie Appliquée","506-858-9180","661 Mountain Road , Moncton , NB E1C 2P4","www.5068589180.yp.ca",,clinic
"Clinique Image Clinic","1-866-644-0333","93 Victoria Moncton NB ","www.8666440333.yp.ca",,clinic
"Clinique Image Clinic","506-858-0333","93 Victoria , Moncton , NB E1C 1P6","www.5068580333.yp.ca",,clinic
"Clinique médicale dépannage du Marais","506-384-1110","185 Avenue Acadie , Dieppe , NB E1A 1G6","www.5063841110.yp.ca",,clinic
"Clinique Medicale de Tracadie","506-395-1140","NB ","www.5063951140.yp.ca",,clinic
"Clinique Médicale Dr Yen Tran Huu","506-739-6992","118 rue Principale , Saint-Jacques , NB E7B 1V8","www.5067396992.yp.ca",,clinic
"Clinique Médicale Nepisiguit","506-546-6696","NB ","www.5065466696.yp.ca",,clinic
"Clinique Médicale Saint-Jacques","506-739-7708","160 Rue Principale , Saint-Jacques , NB E7B 1W4","www.5067397708.yp.ca",,clinic
"Clinique Médicale Sportive Physiothérapie Sud-Est","506-382-2285","313 Mountain Road , Moncton , NB E1C 2M2","www.5063822285.yp.ca",,clinic
"Clinique Optovision Clinic","506-735-8841","14 rue Emmerson , Edmundston , NB E3V 1R7","www.optovision.ca",,clinic
"Clinique Optovision Clinic","506-235-1883","159A Rue Canada , Saint-Quentin , NB E8A 1J5","www.5062351883.yp.ca",,clinic
"Clinique Optovision Clinic","506-739-5806","NB ","www.5067395806.yp.ca",,clinic
"Clinique Pieds En Sante Lise Desmeules Infirmiere","506-735-3366","16 Avenue Breau , Edmundston , NB E3V 3Z6","www.5067353366.yp.ca",,clinic
"Clinique Sans Rendez-vous","506-737-1083","60 Avenue Bateman , Edmundston , NB E3V 4X6","www.5067371083.yp.ca",,clinic
"Cliniques de Sante Publique","506-453-5200","NB ","www.5064535200.yp.ca",,clinic
"Cli Vet Grand Falls Vet Clinic","506-473-2135","15970 Undine , Grand Falls , NB E0J 1M0","www.5064732135.yp.ca",,clinic
"Collège Atlantique de Massage Thérapeutique","506-855-2286","1040 Champlain , Dieppe , NB E1A 1P8","www.5068552286.yp.ca",,clinic
"Community Health Clinic","506-452-6383","NB ","www.5064526383.yp.ca",,clinic
"Computer Clinic","506-382-0444","1 Humphrey Street , Moncton , NB E1C 6N8","www.5063820444.yp.ca",,clinic
"Courtyard Medical Clinic","506-375-4250","Hartland , NB E7P 2N2","www.5063754250.yp.ca",,clinic
"Coverdale Infusion Clinic","506-633-0030","229 Millidge Avenue , Saint John , NB E2K 2M4","www.5066330030.yp.ca",,clinic
"Craig's Auto Clinic","506-458-9402","912 Union Street , Fredericton , NB E3A 3P8","www.5064589402.yp.ca",,clinic
"Craig's Auto Clinic","506-459-4131","NB ","www.5064594131.yp.ca",,clinic
"Cranston Avenue Dental Clinic","506-652-1119","153 Cranston Avenue , Saint John , NB E2K 3N3","www.5066521119.yp.ca",,clinic
"Crown Street Medical Clinic","506-635-2273","110 Crown Street , Saint John , NB E2L 2X7","www.5066352273.yp.ca",,clinic
"David A Hey MCPA CAFCI","506-847-9510","147 Old Hampton Rd , Rothesay , NB E0G 2W0","www.5068479510.yp.ca",,clinic
"Daytime Walk-In Clinique","506-548-1113","1047 St Peter Avenue , Bathurst , NB E2A 2Z6","www.5065481113.yp.ca",,clinic
"Deer Island Health Center","506-747-4150","NB ","www.5067474150.yp.ca",,clinic
"Dental Clinic Highfield Square","506-858-5559","NB ","www.5068585559.yp.ca",,clinic
"Dental Clinic Highfield Square","506-858-5559","1100 Main NB ","www.5068585559.yp.ca",,clinic
"Dental Clinic Northwest Centre","506-856-9002","1380 Mountain Road , Moncton , NB E1C 2T8","www.5068569002.yp.ca",,clinic
"DermaLaser Esthetic Medical Clinic","506-533-2828","79 rue Sackville , Shediac , NB E4P 2R1","www.dermalaserclinic.ca",,clinic
"DermaLaser Esthetic Medical Clinic","1-877-533-2828","79 Sackville Shediac Nb ","www.dermalaserclinic.ca",,clinic
"DermaLaser Esthetic Medical Clinic","1-877-533-2828","79 Sackville ","www.dermalaserclinic.ca",,clinic
"DermaLaser Medical Clinic","1-877-533-2828","79 Sackville Shediac Nb ","www.8775332828.yp.ca",,clinic
"DermaLaser Medical Esthetic Clinic","1-877-533-2828","79 Sackville Shediac Nb ","www.8775332828.yp.ca",,clinic
"Dieppe Animal Clinic","506-857-9070","120 Rue Champlain , Dieppe , NB E1A 1N7","www.5068579070.yp.ca",,clinic
"Disability Claims Advocacy Clinic Inc","1-877-793-3222","","www.8777933222.yp.ca",,clinic
"Doaktown Dental Clinic","506-365-4441","271 Main Street , Doaktown , NB E9C 1A9","www.5063654441.yp.ca",,clinic
"Doaktown Dental Clinic","506-365-9888","NB ","www.5063659888.yp.ca",,clinic
"Dove Massage Therapy Clinic","506-622-0455","65 Henry Street , Miramichi , NB E1V 2N4","www.5066220455.yp.ca",,clinic
"Dr Brian Alexander AuD","506-384-4327","860 Mountain Road , Moncton , NB E1C 2N7","www.alexanderhearing.ca",,clinic
"D R Denture Clinic","506-382-1106","51 Highfield Street , Moncton , NB E1C 5N2","www.5063821106.yp.ca",,clinic
"Dr Georges-L Dumont Regional Hospital","506-862-4000","330 Avenue Universite , Moncton , NB E1C 2Z3","www.5068624000.yp.ca",,clinic
"Drumheller Denture Clinic Ltd","1-877-823-7081","","www.8778237081.yp.ca",,clinic
"Ears 4 You Hearing Clinic","506-693-4056","621 Fairville Boulevard , Saint John , NB E2M 4X5","www.5066934056.yp.ca",,clinic
"Eastern Prosthetic Clinic-Kirsten Simonsen BSc CP(c)","506-858-9667","13-555 Edinburgh Drive , Moncton , NB E1E 4E3","www.5068589667.yp.ca",,clinic
"Eddy Out Depot","506-622-5050","60 Rosebank Dr , Nelson-Miramichi , NB E0C 1H0","www.5066225050.yp.ca",,clinic
"Ellis Denture Clinic","506-328-4588","164 Houlton Road , Woodstock , NB E7M 1Z1","www.5063284588.yp.ca",,clinic
"Ellis Denture Clinic","1-800-336-1455","Woodstock ","www.8003361455.yp.ca",,clinic
"Ellis Denture Clinic","1-800-336-1455","164 Houlton Road , Woodstock , NB E7M 1Z1","www.8003361455.yp.ca",,clinic
"Emmrys Dawe Parlee French Associe(e)s","506-855-5515","300 Main Street , Moncton , NB E1C 1B9","www.5068555515.yp.ca",,clinic
"Fairvale Physiotherapy Clinic","506-847-9510","147 Old Hampton Rd , Rothesay , NB E0G 2W0","www.5068479510.yp.ca",,clinic
"Fairvale Physiotherapy Clinic","506-847-9511","NB ","www.5068479511.yp.ca",,clinic
"Family Eye-Care Clinic (Wetaskiwin)","1-800-263-2030","","www.8002632030.yp.ca",,clinic
"Family Practice Continuous Care Clinic","506-652-6941","168 Rothesay Avenue , Saint John , NB E2J 2B5","www.5066526941.yp.ca",,clinic
"Fit Right Denture Clinic","506-454-3322","1757 Route 640 Hwy , Fredericton , NB E3B 3C9","www.5064543322.yp.ca",,clinic
"Florenceville Massage Therapy Clinic","506-392-8359","23 McCain Street , Florenceville , NB E7L 3J5","www.5063928359.yp.ca",,clinic
"Florenceville Veterinary Clinic","506-392-8377","55 Allison Rd , Florenceville , NB E0J 1K0","www.5063928377.yp.ca",,clinic
"Foot Health Clinic Inc","506-382-9255","100-667 Rue Champlain , Dieppe , NB E1A 1P6","www.5063829255.yp.ca",,clinic
"Forever Healthy Allergy Clinic","506-357-6031","NB ","www.5063576031.yp.ca",,clinic
"Fredericton Medical Clinic","506-458-8665","NB ","www.5064588665.yp.ca",,clinic
"Fredericton Medical Clinic Diabetes Education","506-452-5180","NB ","www.5064525180.yp.ca",,clinic
"Fredericton Naturopathic Clinic","506-450-9440","10-150 Cliffe Street , Fredericton , NB E3A 0A1","www.5064509440.yp.ca",,clinic
"Fredericton Physiotherapy","506-458-0201","1015 Regent Street , Fredericton , NB E3B 6H5","www.5064580201.yp.ca",,clinic
"Fredericton Play Therapy Clinic & Consulting","506-455-5437","Fredericton , NB E3B 2S6","www.5064555437.yp.ca",,clinic
"Fundy Health Centre","506-456-4200","Blacks Harbour , NB E0G 1H0","www.5064564200.yp.ca",,clinic
"Fundy Physiotherapy Clinic","506-849-7246","33 Pettingill Road , Quispamsis , NB E2E 6B1","www.5068497246.yp.ca",,clinic
"Fundy Speech Pathology Clinic Private Practice","506-693-9858","NB ","www.5066939858.yp.ca",,clinic
"FYI Eye Doctors","","","www.fyidoctors.com",,clinic
"Gary Ferguson Counselling","506-458-5576","S211-403 Regent Street , Fredericton , NB E3B 3X6","www.5064585576.yp.ca",,clinic
"Gibson Health Clinic","506-447-4444","231 Canada Street , Fredericton , NB E3A 4A1","www.5064474444.yp.ca",,clinic
"Gilbert's Corner Auto & Clinic Ltd","506-532-3300","Gilbert's Corner , Shediac , NB E4P 3G4","www.5065323300.yp.ca",,clinic
"Gleixner Martin Naturopathic Doctor-Moncton Naturopathic Medical Clinic","506-382-1329","90 Weldon Street , Moncton , NB E1C 5W2","www.5063821329.yp.ca",,clinic
"Grand Falls Physiotherapy Clinic Inc","506-473-2429","592 chemin Madawaska , Grand Falls , NB E3Y 1A2","www.grandfallsphysiotherapy.com",,clinic
"Hair Clinic","1-888-434-4247","Dieppe E1A 1N6","www.8884344247.yp.ca",,clinic
"Hair Clinic","506-382-4247","Dieppe , NB E1A 1N6","www.5063824247.yp.ca",,clinic
"Hair Clinic","1-888-434-4247","100 Champlain Dieppe ","www.8884344247.yp.ca",,clinic
"Hampton Dental Clinic","506-832-5508","942 Main Street , Hampton , NB E5N 6E7","www.5068325508.yp.ca",,clinic
"Hands-On Health Massage Therapy Clinic","506-450-4877","151 Main Street , Fredericton , NB E3A 1C6","www.5064504877.yp.ca",,clinic
"Harrisville Pain Clinic","506-855-6030","1428 Shediac Road , Moncton , NB E1A 7A7","www.5068556030.yp.ca",,clinic
"Haswell Emily Clinical Psychologist","506-454-7792","151 Brunswick Street , Fredericton , NB E3B 1G7","www.5064547792.yp.ca",,clinic
"Hatheway & Instrum Orthodontic Clinic","506-455-9775","NB ","www.5064559775.yp.ca",,clinic
"Health Centre Baie Ste Anne","506-228-2004","Baie-Sainte-Anne , Baie-Ste-Anne , NB E0C 1A0","www.5062282004.yp.ca",,clinic
"Healthier For Life","506-382-5433","200-451 Rue Paul , Dieppe , NB E1A 6W8","www.healthierforlife.ca",,clinic
"Health & Wellness Allergie Clinic","506-467-1297","NB ","www.5064671297.yp.ca",,clinic
"Healthy Path Inc Allergy & Wellness Clinic","506-847-0254","44 Marr Road , Rothesay , NB E2E 3K6","www.5068470254.yp.ca",,clinic
"Healthy Path Inc Allergy & Wellness Clinic","506-847-0509","NB ","www.5068470509.yp.ca",,clinic
"Healthy Touch Massage Therapy Clinic","506-674-4221","50 Union Street , Saint John , NB E2L 1A1","www.5066744221.yp.ca",,clinic
"Heather's Electrolysis Clinic","506-466-5798","363 Milltown Boulevard , St Stephen , NB E3L 1J3","www.5064665798.yp.ca",,clinic
"Heritage Physiotherapy Clinic Ltd","506-857-9044","667 Rue Champlain , Dieppe , NB E1A 1P6","www.5068579044.yp.ca",,clinic
"Homoeopathic Clinic","1-900-451-7284","","www.9004517284.yp.ca",,clinic
"Hôpital et Centre de santé communautaire de Lamèque","506-344-2261","29 Rue De L'Hopital , Lameque , NB E8T 1C5","www.5063442261.yp.ca",,clinic
"Implant & Periodontal Clinic PS","360-671-5500","3628 Meridian Suite 2C , Bellingham ","www.3606715500.yp.ca",,clinic
"Implant & Periodontal Clinic PS","360-757-0201","3628 Meridian Suite 2C , Bellingham ","www.3607570201.yp.ca",,clinic
"In Our Hands Clinical Esthetics","506-855-4264","127 Rue Albeni , Dieppe , NB E1A 1T6","www.5068554264.yp.ca",,clinic
"INTERIOR HEALTH AUTHORITY","1-866-423-4453","570 Pine Ave , Sparwood ","www.8664234453.yp.ca",,clinic
"INTERIOR HEALTH AUTHORITY","425-6212","","www.4256212.yp.ca",,clinic
"INTERIOR HEALTH AUTHORITY","865-2247","","www.8652247.yp.ca",,clinic
"INTERIOR HEALTH AUTHORITY","425-6212","570 Pine Ave , Sparwood ","www.4256212.yp.ca",,clinic
"INTERIOR HEALTH AUTHORITY","425-4501","570 Pine Ave , Sparwood ","www.4254501.yp.ca",,clinic
"INTERIOR HEALTH AUTHORITY","425-2064","570 Pine Ave , Sparwood ","www.4252064.yp.ca",,clinic
"INTERIOR HEALTH AUTHORITY","425-2064","","www.4252064.yp.ca",,clinic
"INTERIOR HEALTH AUTHORITY","423-8288","","www.4238288.yp.ca",,clinic
"INTERIOR HEALTH AUTHORITY","865-2215","","www.8652215.yp.ca",,clinic
"INTERIOR HEALTH AUTHORITY","1-800-661-0329","","www.8006610329.yp.ca",,clinic
"INTERIOR HEALTH AUTHORITY","1-800-661-0329","212 Alpine Way , Elkford ","www.8006610329.yp.ca",,clinic
"INTERIOR HEALTH AUTHORITY","423-8266","1501 5th Ave , Fernie ","www.4238266.yp.ca",,clinic
"INTERIOR HEALTH AUTHORITY","423-8265","1501 5th Ave , Fernie ","www.4238265.yp.ca",,clinic
"INTERIOR HEALTH AUTHORITY","423-4453","1501 5th Ave , Fernie ","www.4234453.yp.ca",,clinic
"INTERIOR HEALTH AUTHORITY","423-8288","1501 5th Ave , Fernie ","www.4238288.yp.ca",,clinic
"INTERIOR HEALTH AUTHORITY","432-2035","260 4th Ave , Kimberley ","www.4322035.yp.ca",,clinic
"INTERIOR HEALTH AUTHORITY","1-888-426-7566","","www.8884267566.yp.ca",,clinic
"International Institute for Treatment of Pain and Chronic Disease","1-888-337-8883","","www.8883378883.yp.ca",,clinic
"Island Hearing Services Inc","1-866-969-0632","","www.islandhearing.com","info@islandhearing.com",clinic
"Islandview Veterinary Hospital","506-453-9998","19 Silverwood Court , Fredericton , NB E3C 1K2","www.5064539998.yp.ca",,clinic
"Islandview Veterinary Hospital","506-452-8255","NB ","www.5064528255.yp.ca",,clinic
"Jackson Susan C & Associates","506-672-2634","West , Saint John , NB ","www.5066722634.yp.ca",,clinic
"Jackson Susan C & Associates","506-849-3939","Quispamsis , Rothesay , NB ","www.5068493939.yp.ca",,clinic
"Jackson Tara L & Associates Athletic Therapy Services","506-848-2111","221 Hampton Road , Quispamsis , NB E2E 4L8","www.5068482111.yp.ca",,clinic
"Jacquet River Health Center","506-237-3222","41 Mack , Belledune , NB E0B 1T0","www.5062373222.yp.ca",,clinic
